"ward","ticket_count","ticket_count_rank","ticket_count_bucket","ticket_count_bucket_min","ticket_count_bucket_max","current_amount_due","current_amount_due_rank","current_amount_due_bucket","current_amount_due_bucket_min","current_amount_due_bucket_max","total_payments","total_payments_rank","total_payments_bucket","total_payments_bucket_min","total_payments_bucket_max","fine_level1_amount","fine_level1_amount_rank","fine_level1_amount_bucket","fine_level1_amount_bucket_min","fine_level1_amount_bucket_max","avg_per_ticket","avg_per_ticket_rank","avg_per_ticket_bucket","avg_per_ticket_bucket_min","avg_per_ticket_bucket_max","debt_to_payment_ratio","debt_to_payment_ratio_rank","debt_to_payment_ratio_bucket","debt_to_payment_ratio_bucket_min","debt_to_payment_ratio_bucket_max","paid_pct","paid_pct_rank","paid_pct_bucket","paid_pct_bucket_min","paid_pct_bucket_max","police_ticket_count","police_ticket_count_rank","police_ticket_count_bucket","police_ticket_count_bucket_min","police_ticket_count_bucket_max","police_ticket_count_pct","police_ticket_count_pct_rank","police_ticket_count_pct_bucket","police_ticket_count_pct_bucket_min","police_ticket_count_pct_bucket_max","contested_ticket_count","contested_ticket_count_rank","contested_ticket_count_bucket","contested_ticket_count_bucket_min","contested_ticket_count_bucket_max","contested_ticket_count_pct","contested_ticket_count_pct_rank","contested_ticket_count_pct_bucket","contested_ticket_count_pct_bucket_min","contested_ticket_count_pct_bucket_max","contested_and_notliable_pct","contested_and_notliable_pct_rank","contested_and_notliable_pct_bucket","contested_and_notliable_pct_bucket_min","contested_and_notliable_pct_bucket_max","paid_ticket_count","paid_ticket_count_rank","paid_ticket_count_bucket","paid_ticket_count_bucket_min","paid_ticket_count_bucket_max","paid_ticket_count_pct","paid_ticket_count_pct_rank","paid_ticket_count_pct_bucket","paid_ticket_count_pct_bucket_min","paid_ticket_count_pct_bucket_max","dismissed_ticket_count","dismissed_ticket_count_rank","dismissed_ticket_count_bucket","dismissed_ticket_count_bucket_min","dismissed_ticket_count_bucket_max","dismissed_ticket_count_pct","dismissed_ticket_count_pct_rank","dismissed_ticket_count_pct_bucket","dismissed_ticket_count_pct_bucket_min","dismissed_ticket_count_pct_bucket_max","seized_or_suspended_ticket_count","seized_or_suspended_ticket_count_rank","seized_or_suspended_ticket_count_bucket","seized_or_suspended_ticket_count_bucket_min","seized_or_suspended_ticket_count_bucket_max","seized_or_suspended_ticket_count_pct","seized_or_suspended_ticket_count_pct_rank","seized_or_suspended_ticket_count_pct_bucket","seized_or_suspended_ticket_count_pct_bucket_min","seized_or_suspended_ticket_count_pct_bucket_max","bankruptcy_ticket_count","bankruptcy_ticket_count_rank","bankruptcy_ticket_count_bucket","bankruptcy_ticket_count_bucket_min","bankruptcy_ticket_count_bucket_max","bankruptcy_ticket_count_pct","bankruptcy_ticket_count_pct_rank","bankruptcy_ticket_count_pct_bucket","bankruptcy_ticket_count_pct_bucket_min","bankruptcy_ticket_count_pct_bucket_max"
"29",178039,27,2,116212.933333333333,186318.866666666666,18032288.23,10,10,17904628.16,19734661.8533333,11117463.61,30,2,8065105.74066665,12792886.4113333,17479075,21,3,14797993.8,20221593.2,98.1755401906324,6,13,98.0102744590823,100.208328895007,1.62197861513846,10,12,1.5372595183848,1.65876039447746,0.381391363844969,41,2,0.364238073103873,0.397707704139285,118452,11,9,109096.933333333336,120360.800000000003,0.66531490291452996254,9,12,0.63189745109758159706,0.67525874749454273858,18725,22,2,14822.4666666666666667,23616.9333333333333334,0.10517358556271378743,27,11,0.10461750604925252918,0.10984187826426158914,0.65719626168224299065,11,10,0.65585262970174900251,0.66409761205024730352,81025,33,1,33403.000000000000,83228.066666666667,0.45509691696763068766,39,3,0.44674467215032260886,0.47501400076412762716,15668,20,2,11797.5333333333333333,19042.0666666666666666,0.08800319031223495976,19,11,0.08558336577811418151,0.08998673796830118103,78182,7,8,76508.6666666666666669,86470.3333333333333336,0.43912850555215430327,5,14,0.41691243805596258010,0.44215200960069768215,8099,4,11,7525.0000000000000000,8260.8000000000000000,0.04549003308263919703,1,16,0.04549003308263919707,0.04843003292022425045
"34",117807,40,2,116212.933333333333,186318.866666666666,14008860.87,16,7,12414527.08,14244560.7733333,7282777.20000003,41,1,3337325.07,8065105.74066665,12323135,38,2,9374394.4,14797993.8,104.604437766856,1,16,104.604437766856,106.802492202781,1.92356026901385,2,15,1.90176214666277,2.02326302275543,0.342048703629876,49,1,0.330768442068462,0.364238073103873,94875,16,7,86569.200000000002,97833.066666666669,0.80534263668542616313,1,16,0.80534263668542616314,0.84870393308238730466,13107,36,1,6028.0000000000000000,14822.4666666666666667,0.11125824441671547531,15,12,0.10984187826426158914,0.11506625047927064910,0.66437781338216220340,7,11,0.66409761205024730352,0.67234259439874560453,45969,47,1,33403.000000000000,83228.066666666667,0.39020601492271257226,50,1,0.39020601492271257226,0.41847534353651759056,10928,33,1,4553.0000000000000000,11797.5333333333333333,0.09276189021025915268,10,12,0.08998673796830118103,0.09439011015848818055,55062,20,5,46623.6666666666666668,56585.3333333333333335,0.46739158114543278413,1,16,0.46739158114543278420,0.49263115269016788625,5119,16,7,4581.8000000000000000,5317.6000000000000000,0.04345242642627348120,2,15,0.04255003324505414369,0.04549003308263919707
"24",210131,18,3,186318.866666666666,256424.799999999999,23100283.56,3,12,21564695.5466666,23394729.24,11417340.85,26,2,8065105.74066665,12792886.4113333,19847895,13,3,14797993.8,20221593.2,94.4548638706331,13,11,93.6141655872332,95.8122200231577,2.02326302275543,1,16,2.02326302275543,2.14476389884808,0.330768442068462,50,1,0.330768442068462,0.364238073103873,138921,7,11,131624.666666666670,142888.533333333337,0.66111616087107566232,10,12,0.63189745109758159706,0.67525874749454273858,18255,25,2,14822.4666666666666667,23616.9333333333333334,0.08687437836397295021,40,7,0.08372001718921628934,0.08894438940422534930,0.67110380717611613257,4,11,0.66409761205024730352,0.67234259439874560453,88325,31,2,83228.066666666667,133053.133333333334,0.42033303034773546026,48,2,0.41847534353651759056,0.44674467215032260886,15085,24,2,11797.5333333333333333,19042.0666666666666666,0.07178855095154927164,38,7,0.06796987701736618343,0.07237324920755318295,97201,4,10,96432.0000000000000003,106393.6666666666666670,0.46257334710252176024,2,15,0.44215200960069768215,0.46739158114543278420,9018,2,13,8996.6000000000000000,9732.4000000000000000,0.04291608567988540482,3,15,0.04255003324505414369,0.04549003308263919707
"6",203418,21,3,186318.866666666666,256424.799999999999,21274015.74,5,11,19734661.8533333,21564695.5466666,11971217.6,23,2,8065105.74066665,12792886.4113333,19595595,14,3,14797993.8,20221593.2,96.3316668141462,11,12,95.8122200231577,98.0102744590823,1.7770970715627,6,13,1.65876039447746,1.78026127057011,0.360088241149341,45,1,0.330768442068462,0.364238073103873,145500,5,12,142888.533333333337,154152.400000000004,0.71527593428310179040,6,13,0.67525874749454273858,0.71862004389150388010,21574,18,2,14822.4666666666666667,23616.9333333333333334,0.10605747770600438506,23,11,0.10461750604925252918,0.10984187826426158914,0.65690182627236488366,12,10,0.65585262970174900251,0.66409761205024730352,86155,32,2,83228.066666666667,133053.133333333334,0.42353675682584628696,47,2,0.41847534353651759056,0.44674467215032260886,17553,17,2,11797.5333333333333333,19042.0666666666666666,0.08629029879361708403,24,11,0.08558336577811418151,0.08998673796830118103,90170,6,9,86470.3333333333333336,96432.0000000000000003,0.44327443982341778997,3,15,0.44215200960069768215,0.46739158114543278420,8718,3,12,8260.8000000000000000,8996.6000000000000000,0.04285756422735451140,4,15,0.04255003324505414369,0.04549003308263919707
"17",174707,31,2,116212.933333333333,186318.866666666666,19067489,9,10,17904628.16,19734661.8533333,10617409.84,34,2,8065105.74066665,12792886.4113333,17580450,20,3,14797993.8,20221593.2,100.628194634445,3,14,100.208328895007,102.406383330931,1.79587011214027,4,14,1.78026127057011,1.90176214666277,0.357670406667958,47,1,0.330768442068462,0.364238073103873,125729,9,10,120360.800000000003,131624.666666666670,0.71965633889884206128,5,14,0.71862004389150388010,0.76198134028846502162,18663,23,2,14822.4666666666666667,23616.9333333333333334,0.10682456913575300360,21,11,0.10461750604925252918,0.10984187826426158914,0.66307667577559877833,8,10,0.65585262970174900251,0.66409761205024730352,74088,36,1,33403.000000000000,83228.066666666667,0.42407001436691145747,46,2,0.41847534353651759056,0.44674467215032260886,15235,23,2,11797.5333333333333333,19042.0666666666666666,0.08720314583846096607,21,11,0.08558336577811418151,0.08998673796830118103,76590,10,8,76508.6666666666666669,86470.3333333333333336,0.43839113487152775790,6,14,0.41691243805596258010,0.44215200960069768215,7299,8,10,6789.2000000000000000,7525.0000000000000000,0.04177852060879071817,5,14,0.03961003340746909031,0.04255003324505414369
"21",146967,38,2,116212.933333333333,186318.866666666666,15494269.34,11,8,14244560.7733333,16074594.4666666,9605733.15000002,37,2,8065105.74066665,12792886.4113333,15166580,27,3,14797993.8,20221593.2,103.197180319391,2,15,102.406383330931,104.604437766856,1.61302308715499,11,12,1.5372595183848,1.65876039447746,0.3826984939076,40,2,0.364238073103873,0.397707704139285,103734,13,8,97833.066666666669,109096.933333333336,0.70583192145175447549,7,13,0.67525874749454273858,0.71862004389150388010,18310,24,2,14822.4666666666666667,23616.9333333333333334,0.12458579136813026053,4,14,0.12029062269427970906,0.12551499490928876902,0.65319497542326597488,15,9,0.64760764735325070150,0.65585262970174900251,63914,41,1,33403.000000000000,83228.066666666667,0.43488674328250559649,43,2,0.41847534353651759056,0.44674467215032260886,14664,25,2,11797.5333333333333333,19042.0666666666666666,0.09977750107166915022,3,14,0.09879348234867518007,0.10319685453886217959,63115,16,6,56585.3333333333333335,66547.0000000000000002,0.42945014867283131587,8,14,0.41691243805596258010,0.44215200960069768215,6046,10,8,5317.6000000000000000,6053.4000000000000000,0.04113848687120237877,6,14,0.03961003340746909031,0.04255003324505414369
"37",183310,24,2,116212.933333333333,186318.866666666666,19276442.75,8,10,17904628.16,19734661.8533333,11051917.32,31,2,8065105.74066665,12792886.4113333,18425175,16,3,14797993.8,20221593.2,100.51374720419,4,14,100.208328895007,102.406383330931,1.74417182031542,8,13,1.65876039447746,1.78026127057011,0.36440866880014,43,2,0.364238073103873,0.397707704139285,144035,6,12,142888.533333333337,154152.400000000004,0.78574545851290164203,2,15,0.76198134028846502162,0.80534263668542616314,19395,21,2,14822.4666666666666667,23616.9333333333333334,0.10580437510228574546,24,11,0.10461750604925252918,0.10984187826426158914,0.69028100025779840165,3,14,0.68883255909574220655,0.69707754144424050756,78223,35,1,33403.000000000000,83228.066666666667,0.42672521957340025094,45,2,0.41847534353651759056,0.44674467215032260886,16729,19,2,11797.5333333333333333,19042.0666666666666666,0.09126070590802465768,13,12,0.08998673796830118103,0.09439011015848818055,77607,8,8,76508.6666666666666669,86470.3333333333333336,0.42336479188260324041,10,14,0.41691243805596258010,0.44215200960069768215,7416,7,10,6789.2000000000000000,7525.0000000000000000,0.04045605804375102286,7,14,0.03961003340746909031,0.04255003324505414369
"7",142450,39,2,116212.933333333333,186318.866666666666,15294881.31,12,8,14244560.7733333,16074594.4666666,8225866.56000001,39,2,8065105.74066665,12792886.4113333,13945980,35,2,9374394.4,14797993.8,97.9008775008775,7,12,95.8122200231577,98.0102744590823,1.85936414096171,3,14,1.78026127057011,1.90176214666277,0.349728104117464,48,1,0.330768442068462,0.364238073103873,84193,22,6,75305.333333333335,86569.200000000002,0.59103545103545103545,13,11,0.58853615470062045554,0.63189745109758159706,15958,31,2,14822.4666666666666667,23616.9333333333333334,0.11202527202527202527,14,12,0.10984187826426158914,0.11506625047927064910,0.64776287755357814262,16,9,0.64760764735325070150,0.65585262970174900251,58594,42,1,33403.000000000000,83228.066666666667,0.41133029133029133029,49,1,0.39020601492271257226,0.41847534353651759056,12883,30,2,11797.5333333333333333,19042.0666666666666666,0.09043875043875043875,14,12,0.08998673796830118103,0.09439011015848818055,63034,17,6,56585.3333333333333335,66547.0000000000000002,0.44249912249912249912,4,15,0.44215200960069768215,0.46739158114543278420,5610,14,8,5317.6000000000000000,6053.4000000000000000,0.03938223938223938224,8,13,0.03667003356988403693,0.03961003340746909031
"8",152703,36,2,116212.933333333333,186318.866666666666,15058378.0400001,13,8,14244560.7733333,16074594.4666666,9422614.91000001,38,2,8065105.74066665,12792886.4113333,14824765,30,3,14797993.8,20221593.2,97.082342848536,9,12,95.8122200231577,98.0102744590823,1.59811031054861,12,12,1.5372595183848,1.65876039447746,0.384895127793417,39,2,0.364238073103873,0.397707704139285,92153,17,7,86569.200000000002,97833.066666666669,0.60347864809466742631,11,11,0.58853615470062045554,0.63189745109758159706,18036,26,2,14822.4666666666666667,23616.9333333333333334,0.11811162845523663582,10,13,0.11506625047927064910,0.12029062269427970906,0.64354624085163007319,20,8,0.63936266500475240049,0.64760764735325070150,68111,40,1,33403.000000000000,83228.066666666667,0.44603576877991918954,40,2,0.41847534353651759056,0.44674467215032260886,14642,26,2,11797.5333333333333333,19042.0666666666666666,0.09588547703712435250,7,13,0.09439011015848818055,0.09879348234867518007,63467,15,6,56585.3333333333333335,66547.0000000000000002,0.41562379259084628331,12,13,0.39167286651122747805,0.41691243805596258010,5918,12,8,5317.6000000000000000,6053.4000000000000000,0.03875496879563597310,9,13,0.03667003356988403693,0.03961003340746909031
"9",107928,42,1,46107.000000000000,116212.933333333333,10878638.69,20,6,10584493.3866667,12414527.08,6593845.89000001,44,1,3337325.07,8065105.74066665,10442390,41,2,9374394.4,14797993.8,96.7532984952932,10,12,95.8122200231577,98.0102744590823,1.6498169462071,9,12,1.5372595183848,1.65876039447746,0.377384559122615,42,2,0.364238073103873,0.397707704139285,74041,29,5,64041.466666666668,75305.333333333335,0.68602216292343043510,8,13,0.67525874749454273858,0.71862004389150388010,11928,37,1,6028.0000000000000000,14822.4666666666666667,0.11051812319323993774,17,12,0.10984187826426158914,0.11506625047927064910,0.65568410462776659960,13,9,0.64760764735325070150,0.65585262970174900251,46915,46,1,33403.000000000000,83228.066666666667,0.43468794010822029501,44,2,0.41847534353651759056,0.44674467215032260886,9697,37,1,4553.0000000000000000,11797.5333333333333333,0.08984693499369950337,15,11,0.08558336577811418151,0.08998673796830118103,45375,24,4,36662.0000000000000001,46623.6666666666666668,0.42041916833444518568,11,14,0.41691243805596258010,0.44215200960069768215,4063,18,6,3846.0000000000000000,4581.8000000000000000,0.03764546734860277222,10,13,0.03667003356988403693,0.03961003340746909031
"28",316065,9,4,256424.799999999999,326530.733333333332,28884829.32,1,15,27054796.6266666,28884830.32,19156229.02,9,4,17520667.0819999,22248447.7526666,29826215,7,5,25645192.6,31068792,94.3673453245377,14,11,93.6141655872332,95.8122200231577,1.50785571052856,13,11,1.41575864229215,1.5372595183848,0.398747023523629,38,3,0.397707704139285,0.431177335174697,187944,1,16,187944.000000000005,199207.866666666672,0.59463717906126904276,12,11,0.58853615470062045554,0.63189745109758159706,33385,10,4,32411.4000000000000001,41205.8666666666666668,0.10562700710296932593,25,11,0.10461750604925252918,0.10984187826426158914,0.65424591882581997903,14,9,0.64760764735325070150,0.65585262970174900251,159462,13,3,133053.133333333334,182878.200000000001,0.50452280385363770111,38,5,0.50328332937793264546,0.53155265799173766376,26798,10,4,26286.5999999999999999,33531.1333333333333332,0.08478635723664436113,26,10,0.08117999358792718199,0.08558336577811418151,118635,2,12,116355.3333333333333337,126317.0000000000000004,0.37535000711878885672,13,12,0.36643329496649237600,0.39167286651122747805,11204,1,16,11204.0000000000000000,11939.8000000000000000,0.03544840460031955452,11,12,0.03373003373229898355,0.03667003356988403693
"20",215139,16,3,186318.866666666666,256424.799999999999,22035401.83,4,12,21564695.5466666,23394729.24,12379069.66,22,2,8065105.74066665,12792886.4113333,20395455,12,4,20221593.2,25645192.6,94.8012912582098,12,11,93.6141655872332,95.8122200231577,1.78005314092399,5,13,1.65876039447746,1.78026127057011,0.359705354289607,46,1,0.330768442068462,0.364238073103873,157945,4,13,154152.400000000004,165416.266666666671,0.73415326835208864966,4,14,0.71862004389150388010,0.76198134028846502162,22614,16,2,14822.4666666666666667,23616.9333333333333334,0.10511343828873426018,28,11,0.10461750604925252918,0.10984187826426158914,0.66834704165561156806,5,11,0.66409761205024730352,0.67234259439874560453,93815,30,2,83228.066666666667,133053.133333333334,0.43606691487828799055,42,2,0.41847534353651759056,0.44674467215032260886,18968,16,2,11797.5333333333333333,19042.0666666666666666,0.08816625530470997820,18,11,0.08558336577811418151,0.08998673796830118103,94286,5,9,86470.3333333333333336,96432.0000000000000003,0.43825619715625711749,7,14,0.41691243805596258010,0.44215200960069768215,7474,6,10,6789.2000000000000000,7525.0000000000000000,0.03474033066993896969,12,12,0.03373003373229898355,0.03667003356988403693
"16",180960,26,2,116212.933333333333,186318.866666666666,19329711.04,7,10,17904628.16,19734661.8533333,10959581.51,32,2,8065105.74066665,12792886.4113333,17894615,19,3,14797993.8,20221593.2,98.8871297524315,5,13,98.0102744590823,100.208328895007,1.76372711151084,7,13,1.65876039447746,1.78026127057011,0.361830224060483,44,1,0.330768442068462,0.364238073103873,137418,8,11,131624.666666666670,142888.533333333337,0.75938328912466843501,3,14,0.71862004389150388010,0.76198134028846502162,16116,30,2,14822.4666666666666667,23616.9333333333333334,0.08905835543766578249,38,8,0.08894438940422534930,0.09416876161923440926,0.66114420451724993795,9,10,0.65585262970174900251,0.66409761205024730352,79887,34,1,33403.000000000000,83228.066666666667,0.44146220159151193634,41,2,0.41847534353651759056,0.44674467215032260886,12926,29,2,11797.5333333333333333,19042.0666666666666666,0.07143015030946065429,39,7,0.06796987701736618343,0.07237324920755318295,77247,9,8,76508.6666666666666669,86470.3333333333333336,0.42687334217506631300,9,14,0.41691243805596258010,0.44215200960069768215,5818,13,8,5317.6000000000000000,6053.4000000000000000,0.03215075154730327144,13,11,0.03079003389471393017,0.03373003373229898355
"18",67538,48,1,46107.000000000000,116212.933333333333,5366924.69,36,3,5094392.30666666,6924425.99999999,4658677.13,48,1,3337325.07,8065105.74066665,6557875,47,1,3950795,9374394.4,97.0990405401404,8,12,95.8122200231577,98.0102744590823,1.15202761218183,14,8,1.05125601401418,1.17275689010684,0.464678052613903,37,5,0.464646966210108,0.49811659724552,33328,45,2,30249.866666666667,41513.733333333334,0.49347034262193135716,20,8,0.45845226550973703098,0.50181356190669817250,7276,47,1,6028.0000000000000000,14822.4666666666666667,0.10773194349847493263,20,11,0.10461750604925252918,0.10984187826426158914,0.62740516767454645410,26,6,0.62287270030775579847,0.63111768265625409948,35226,48,1,33403.000000000000,83228.066666666667,0.52157304036246261364,37,5,0.50328332937793264546,0.53155265799173766376,5700,47,1,4553.0000000000000000,11797.5333333333333333,0.08439693209748585981,27,10,0.08117999358792718199,0.08558336577811418151,21407,43,2,16738.6666666666666667,26700.3333333333333334,0.31696230270366312298,14,10,0.31595415187702217190,0.34119372342175727395,1857,21,3,1638.6000000000000000,2374.4000000000000000,0.02749563208860197222,14,9,0.02491003421954382341,0.02785003405712887679
"5",252766,12,3,186318.866666666666,256424.799999999999,14890392.69,14,8,14244560.7733333,16074594.4666666,16868621.98,12,3,12792886.4113333,17520667.0819999,21611250,11,4,20221593.2,25645192.6,85.4990386365255,22,7,84.8219478435349,87.0200022794595,0.882727273612186,18,6,0.808254261828873,0.929755137921528,0.531144374448567,33,6,0.49811659724552,0.531586228280931,91094,19,7,86569.200000000002,97833.066666666669,0.36038865986722897858,31,5,0.32836837631885360642,0.37172967271581474794,28719,11,3,23616.9333333333333334,32411.4000000000000001,0.11361892026617503936,11,12,0.10984187826426158914,0.11506625047927064910,0.59740938054946202862,48,2,0.58989277091376259443,0.59813775326226089544,152297,15,3,133053.133333333334,182878.200000000001,0.60252169991217173196,33,8,0.58809131521934770036,0.61636064383315271866,22041,11,3,19042.0666666666666666,26286.5999999999999999,0.08719922774423775350,22,11,0.08558336577811418151,0.08998673796830118103,73358,12,7,66547.0000000000000002,76508.6666666666666669,0.29022099491229041881,15,8,0.26547500878755196780,0.29071458033228706985,6016,11,8,5317.6000000000000000,6053.4000000000000000,0.02380066939382670138,15,8,0.02197003438195877003,0.02491003421954382341
"10",86829,45,1,46107.000000000000,116212.933333333333,6310531.51,32,3,5094392.30666666,6924425.99999999,5655745.37000001,46,1,3337325.07,8065105.74066665,7933680,45,1,3950795,9374394.4,91.3713160349653,16,9,89.2180567153841,91.4161111513086,1.11577362437022,15,8,1.05125601401418,1.17275689010684,0.472640356454798,36,5,0.464646966210108,0.49811659724552,46982,41,3,41513.733333333334,52777.600000000001,0.54108650335717329464,17,9,0.50181356190669817250,0.54517485830365931402,8259,45,1,6028.0000000000000000,14822.4666666666666667,0.09511799053311681581,35,9,0.09416876161923440926,0.09939313383424346922,0.64438794042862332001,19,8,0.63936266500475240049,0.64760764735325070150,48721,45,1,33403.000000000000,83228.066666666667,0.56111437422980801345,36,7,0.55982198660554268206,0.58809131521934770036,6913,45,1,4553.0000000000000000,11797.5333333333333333,0.07961625724124428474,33,9,0.07677662139774018247,0.08117999358792718199,24747,40,2,16738.6666666666666667,26700.3333333333333334,0.28500846491379608195,16,8,0.26547500878755196780,0.29071458033228706985,1779,23,3,1638.6000000000000000,2374.4000000000000000,0.02048854645337387278,16,7,0.01903003454437371665,0.02197003438195877003
"3",302444,10,4,256424.799999999999,326530.733333333332,14677878.0200001,15,8,14244560.7733333,16074594.4666666,19120819.4,10,4,17520667.0819999,22248447.7526666,23925780,10,4,20221593.2,25645192.6,79.1081324145958,34,4,78.2277845357613,80.4258389716858,0.767638546912906,21,5,0.686753385736217,0.808254261828873,0.565726517871231,30,8,0.565055859316343,0.598525490351755,121799,10,10,120360.800000000003,131624.666666666670,0.40271587467431987409,24,6,0.37172967271581474794,0.41509096911277588946,37159,8,4,32411.4000000000000001,41205.8666666666666668,0.12286241419899221013,6,14,0.12029062269427970906,0.12551499490928876902,0.63997954735057455798,21,8,0.63936266500475240049,0.64760764735325070150,189630,10,4,182878.200000000001,232703.266666666668,0.62699210432344500139,31,9,0.61636064383315271866,0.64462997244695773696,29240,8,4,26286.5999999999999999,33531.1333333333333332,0.09667905463490761926,5,13,0.09439011015848818055,0.09879348234867518007,75971,11,7,66547.0000000000000002,76508.6666666666666669,0.25119030299824099668,18,7,0.24023543724281686575,0.26547500878755196780,5330,15,8,5317.6000000000000000,6053.4000000000000000,0.01762309716840142307,17,6,0.01609003470678866327,0.01903003454437371665
"19",54040,49,1,46107.000000000000,116212.933333333333,3041710.27,48,1,1434324.92,3264358.61333333,4256569.88,49,1,3337325.07,8065105.74066665,5095965,49,1,3950795,9374394.4,94.2998704663212,15,11,93.6141655872332,95.8122200231577,0.714591879318565,23,5,0.686753385736217,0.808254261828873,0.583229170779365,28,8,0.565055859316343,0.598525490351755,31428,46,2,30249.866666666667,41513.733333333334,0.58156920799407846040,14,10,0.54517485830365931402,0.58853615470062045554,6666,49,1,6028.0000000000000000,14822.4666666666666667,0.12335307179866765359,5,14,0.12029062269427970906,0.12551499490928876902,0.61671167116711671167,32,5,0.61462771795925749746,0.62287270030775579847,34346,49,1,33403.000000000000,83228.066666666667,0.63556624722427831236,30,9,0.61636064383315271866,0.64462997244695773696,4972,49,1,4553.0000000000000000,11797.5333333333333333,0.09200592153960029608,11,12,0.08998673796830118103,0.09439011015848818055,13511,48,1,6777.0000000000000000,16738.6666666666666667,0.25001850481125092524,19,7,0.24023543724281686575,0.26547500878755196780,922,34,2,902.8000000000000000,1638.6000000000000000,0.01706143597335307180,18,6,0.01609003470678866327,0.01903003454437371665
"27",417998,6,6,396636.666666666665,466742.599999999998,19636563.0400001,6,10,17904628.16,19734661.8533333,27227027.19,6,6,26976228.4233332,31704009.0939999,34127255,3,6,31068792,36492391.4,81.6445413614419,29,5,80.4258389716858,82.6238934076104,0.721215830981807,22,5,0.686753385736217,0.808254261828873,0.580984663282806,29,8,0.565055859316343,0.598525490351755,163333,3,13,154152.400000000004,165416.266666666671,0.39075067344819831674,28,6,0.37172967271581474794,0.41509096911277588946,49808,3,5,41205.8666666666666668,50000.3333333333333335,0.11915846487303767004,8,13,0.11506625047927064910,0.12029062269427970906,0.62700770960488274976,27,6,0.62287270030775579847,0.63111768265625409948,269176,7,5,232703.266666666668,282528.333333333335,0.64396480365934765238,29,9,0.61636064383315271866,0.64462997244695773696,38938,4,5,33531.1333333333333332,40775.6666666666666665,0.09315355575863999349,9,12,0.08998673796830118103,0.09439011015848818055,97251,3,10,96432.0000000000000003,106393.6666666666666670,0.23265900793783702314,21,6,0.21499586569808176370,0.24023543724281686575,7043,9,10,6789.2000000000000000,7525.0000000000000000,0.01684936291561203642,19,6,0.01609003470678866327,0.01903003454437371665
"4",319150,8,4,256424.799999999999,326530.733333333332,12240977.91,17,6,10584493.3866667,12414527.08,21537954.94,8,4,17520667.0819999,22248447.7526666,25166825,9,4,20221593.2,25645192.6,78.8557888140373,35,4,78.2277845357613,80.4258389716858,0.568344485077654,29,4,0.565252509643562,0.686753385736217,0.63761501985993,22,10,0.631995121387166,0.665464752422578,91715,18,7,86569.200000000002,97833.066666666669,0.28737270875763747454,38,4,0.28500707992189246490,0.32836837631885360642,37795,7,4,32411.4000000000000001,41205.8666666666666668,0.11842393858687137710,9,13,0.11506625047927064910,0.12029062269427970906,0.63182960709088503770,24,7,0.63111768265625409948,0.63936266500475240049,213201,8,4,182878.200000000001,232703.266666666668,0.66802757324142252859,23,10,0.64462997244695773696,0.67289930106076275526,29761,7,4,26286.5999999999999999,33531.1333333333333332,0.09325082249725834247,8,12,0.08998673796830118103,0.09439011015848818055,68936,13,7,66547.0000000000000002,76508.6666666666666669,0.21599874667084443052,23,6,0.21499586569808176370,0.24023543724281686575,4293,17,6,3846.0000000000000000,4581.8000000000000000,0.01345135516214945950,20,5,0.01315003486920360989,0.01609003470678866327
"15",176710,30,2,116212.933333333333,186318.866666666666,11919359.48,18,6,10584493.3866667,12414527.08,11301877.84,28,2,8065105.74066665,12792886.4113333,15718650,26,3,14797993.8,20221593.2,88.9516722313395,18,8,87.0200022794595,89.2180567153841,1.05463531359493,16,8,1.05125601401418,1.17275689010684,0.486704376870819,35,5,0.464646966210108,0.49811659724552,95557,15,7,86569.200000000002,97833.066666666669,0.54075604097108256465,18,9,0.50181356190669817250,0.54517485830365931402,10953,40,1,6028.0000000000000000,14822.4666666666666667,0.06198290985230037915,48,2,0.05759815611417098954,0.06282252832918004950,0.66794485529078791199,6,11,0.66409761205024730352,0.67234259439874560453,102375,27,2,83228.066666666667,133053.133333333334,0.57933903004923320695,35,7,0.55982198660554268206,0.58809131521934770036,9094,38,1,4553.0000000000000000,11797.5333333333333333,0.05146284873521589044,48,3,0.05035638825661818535,0.05475976044680518487,47093,23,5,46623.6666666666666668,56585.3333333333333335,0.26649878331729953030,17,8,0.26547500878755196780,0.29071458033228706985,2054,20,3,1638.6000000000000000,2374.4000000000000000,0.01162356403146398053,21,4,0.01021003503161855651,0.01315003486920360989
"26",226812,14,3,186318.866666666666,256424.799999999999,9987974.60000002,22,5,8754459.69333332,10584493.3866667,14823534.4,15,3,12792886.4113333,17520667.0819999,18184610,17,3,14797993.8,20221593.2,80.1748143837187,32,4,78.2277845357613,80.4258389716858,0.673791710565329,24,4,0.565252509643562,0.686753385736217,0.597445903028308,27,8,0.565055859316343,0.598525490351755,74488,27,5,64041.466666666668,75305.333333333335,0.32841295874997795531,34,5,0.32836837631885360642,0.37172967271581474794,17125,28,2,14822.4666666666666667,23616.9333333333333334,0.07550305980283230164,45,5,0.07327127275919816942,0.07849564497420722938,0.63071532846715328467,25,6,0.62287270030775579847,0.63111768265625409948,150550,17,3,133053.133333333334,182878.200000000001,0.66376558559511842407,25,10,0.64462997244695773696,0.67289930106076275526,13273,27,2,11797.5333333333333333,19042.0666666666666666,0.05851983140221857750,44,4,0.05475976044680518487,0.05916313263699218439,48617,22,5,46623.6666666666666668,56585.3333333333333335,0.21434932895966703702,24,5,0.18975629415334666165,0.21499586569808176370,1729,24,3,1638.6000000000000000,2374.4000000000000000,0.00762305345396187151,22,3,0.00727003519403350313,0.01021003503161855651
"49",204934,20,3,186318.866666666666,256424.799999999999,7079900.96000001,30,4,6924425.99999999,8754459.69333332,13968025.51,18,3,12792886.4113333,17520667.0819999,16262345,24,3,14797993.8,20221593.2,79.354060331619,33,4,78.2277845357613,80.4258389716858,0.506864836045105,31,3,0.443751633550907,0.565252509643562,0.663629528063436,20,10,0.631995121387166,0.665464752422578,112258,12,9,109096.933333333336,120360.800000000003,0.54777635726624181444,16,10,0.54517485830365931402,0.58853615470062045554,20050,20,2,14822.4666666666666667,23616.9333333333333334,0.09783637658953614334,32,9,0.09416876161923440926,0.09939313383424346922,0.60488778054862842893,42,3,0.59813775326226089544,0.60638273561075919645,142865,18,3,133053.133333333334,182878.200000000001,0.69712687987352025530,19,11,0.67289930106076275526,0.70116862967456777356,15304,22,2,11797.5333333333333333,19042.0666666666666666,0.07467770111352923380,36,8,0.07237324920755318295,0.07677662139774018247,38241,29,4,36662.0000000000000001,46623.6666666666666668,0.18660154000800257644,30,4,0.16451672260861155960,0.18975629415334666165,1536,26,2,902.8000000000000000,1638.6000000000000000,0.00749509598212107313,23,3,0.00727003519403350313,0.01021003503161855651
"22",178028,28,2,116212.933333333333,186318.866666666666,10069360.79,21,5,8754459.69333332,10584493.3866667,11160900.09,29,2,8065105.74066665,12792886.4113333,14870870,29,3,14797993.8,20221593.2,83.5310737636776,25,6,82.6238934076104,84.8219478435349,0.902199706905538,17,6,0.808254261828873,0.929755137921528,0.525707157019165,34,6,0.49811659724552,0.531586228280931,73718,30,5,64041.466666666668,75305.333333333335,0.41408093108949154066,22,6,0.37172967271581474794,0.41509096911277588946,9324,42,1,6028.0000000000000000,14822.4666666666666667,0.05237378389916192958,50,1,0.05237378389916192958,0.05759815611417098954,0.64768339768339768340,17,9,0.64760764735325070150,0.65585262970174900251,109144,26,2,83228.066666666667,133053.133333333334,0.61307210101781742198,32,8,0.58809131521934770036,0.61636064383315271866,7397,43,1,4553.0000000000000000,11797.5333333333333333,0.04154964387624418631,50,1,0.04154964387624418631,0.04595301606643118583,39126,27,4,36662.0000000000000001,46623.6666666666666668,0.21977441750735839306,22,6,0.21499586569808176370,0.24023543724281686575,1273,27,2,902.8000000000000000,1638.6000000000000000,0.00715056058597523985,24,2,0.00433003535644844975,0.00727003519403350313
"12",168623,32,2,116212.933333333333,186318.866666666666,9066727.10000002,23,5,8754459.69333332,10584493.3866667,11517581.89,25,2,8065105.74066665,12792886.4113333,14301470,33,2,9374394.4,14797993.8,84.8132816994123,23,6,82.6238934076104,84.8219478435349,0.787207522081705,20,5,0.686753385736217,0.808254261828873,0.559532112328634,31,7,0.531586228280931,0.565055859316343,62916,33,4,52777.600000000001,64041.466666666668,0.37311636016439038565,30,6,0.37172967271581474794,0.41509096911277588946,11560,39,1,6028.0000000000000000,14822.4666666666666667,0.06855529791309607823,47,4,0.06804690054418910946,0.07327127275919816942,0.63754325259515570934,22,7,0.63111768265625409948,0.63936266500475240049,109421,25,2,83228.066666666667,133053.133333333334,0.64890910492637421941,27,10,0.64462997244695773696,0.67289930106076275526,8991,39,1,4553.0000000000000000,11797.5333333333333333,0.05332012833361996881,47,3,0.05035638825661818535,0.05475976044680518487,40860,25,4,36662.0000000000000001,46623.6666666666666668,0.24231569833296762601,20,7,0.24023543724281686575,0.26547500878755196780,1184,29,2,902.8000000000000000,1638.6000000000000000,0.00702158068590880248,25,2,0.00433003535644844975,0.00727003519403350313
"42",1097695,1,15,1027590.066666666662,1097695.999999999995,27697067.77,2,15,27054796.6266666,28884830.32,74254034.1299997,1,15,69526254.4593331,74254035.1299997,85304785,1,15,79881186.6,85304786,77.7126478666661,37,3,76.0297300998367,78.2277845357613,0.373004215791286,41,2,0.322250757458251,0.443751633550907,0.728329883112327,10,12,0.69893438345799,0.732404014493401,184335,2,15,176680.133333333338,187944.000000000005,0.16792916065027170571,48,1,0.15492319073100904034,0.19828448712797018186,137945,1,16,137945.0000000000000005,146739.4666666666666672,0.12566787677815786717,3,15,0.12551499490928876902,0.13073936712429782898,0.69084780166008191671,2,14,0.68883255909574220655,0.69707754144424050756,780779,1,16,780779.000000000005,830604.066666666672,0.71128956586301294986,16,12,0.70116862967456777356,0.72943795828837279186,113221,1,16,113220.9999999999999995,120465.5333333333333328,0.10314431604407417361,2,14,0.09879348234867518007,0.10319685453886217959,156202,1,16,156202.0000000000000005,166163.6666666666666672,0.14230000136649980186,42,3,0.13927715106387645755,0.16451672260861155960,7547,5,11,7525.0000000000000000,8260.8000000000000000,0.00687531600307917955,26,2,0.00433003535644844975,0.00727003519403350313
"31",183242,25,2,116212.933333333333,186318.866666666666,7876282.99000001,28,4,6924425.99999999,8754459.69333332,12785113.27,20,2,8065105.74066665,12792886.4113333,15044270,28,3,14797993.8,20221593.2,82.1005555494919,27,5,80.4258389716858,82.6238934076104,0.616051091896193,27,4,0.565252509643562,0.686753385736217,0.618792317281659,24,9,0.598525490351755,0.631995121387166,56659,35,4,52777.600000000001,64041.466666666668,0.30920313028672465919,36,4,0.28500707992189246490,0.32836837631885360642,13718,34,1,6028.0000000000000000,14822.4666666666666667,0.07486274980626712217,46,5,0.07327127275919816942,0.07849564497420722938,0.62377897652719055256,28,6,0.62287270030775579847,0.63111768265625409948,125857,21,2,83228.066666666667,133053.133333333334,0.68683489592997238624,22,11,0.67289930106076275526,0.70116862967456777356,10352,35,1,4553.0000000000000000,11797.5333333333333333,0.05649359862913524192,46,4,0.05475976044680518487,0.05916313263699218439,38705,28,4,36662.0000000000000001,46623.6666666666666668,0.21122340948035930627,25,5,0.18975629415334666165,0.21499586569808176370,1242,28,2,902.8000000000000000,1638.6000000000000000,0.00677792209209679004,27,2,0.00433003535644844975,0.00727003519403350313
"11",186103,22,2,116212.933333333333,186318.866666666666,5533809.51,35,3,5094392.30666666,6924425.99999999,12727716.86,21,2,8065105.74066665,12792886.4113333,14383755,32,2,9374394.4,14797993.8,77.2892161867353,38,3,76.0297300998367,78.2277845357613,0.434784146353173,37,2,0.322250757458251,0.443751633550907,0.696968950027588,14,11,0.665464752422578,0.69893438345799,50779,40,3,41513.733333333334,52777.600000000001,0.27285427961935057468,41,3,0.24164578352493132338,0.28500707992189246490,20583,19,2,14822.4666666666666667,23616.9333333333333334,0.11060004406162179008,16,12,0.10984187826426158914,0.11506625047927064910,0.60549968420541223340,41,3,0.59813775326226089544,0.60638273561075919645,136385,20,3,133053.133333333334,182878.200000000001,0.73284686437080541421,12,13,0.72943795828837279186,0.75770728690217781016,15370,21,2,11797.5333333333333333,19042.0666666666666666,0.08258867401385254402,29,10,0.08117999358792718199,0.08558336577811418151,30509,34,3,26700.3333333333333334,36662.0000000000000001,0.16393609990166735625,33,3,0.13927715106387645755,0.16451672260861155960,1120,32,2,902.8000000000000000,1638.6000000000000000,0.00601817273230415415,28,2,0.00433003535644844975,0.00727003519403350313
"36",110165,41,1,46107.000000000000,116212.933333333333,4954107.83,40,2,3264358.61333333,5094392.30666666,7718598.14,40,1,3337325.07,8065105.74066665,9439130,42,2,9374394.4,14797993.8,85.6817501021196,21,7,84.8219478435349,87.0200022794595,0.641840362737164,26,4,0.565252509643562,0.686753385736217,0.609072613084544,25,9,0.598525490351755,0.631995121387166,43913,42,3,41513.733333333334,52777.600000000001,0.39861117414786910543,26,6,0.37172967271581474794,0.41509096911277588946,8720,44,1,6028.0000000000000000,14822.4666666666666667,0.07915399627830980802,44,6,0.07849564497420722938,0.08372001718921628934,0.65917431192660550459,10,10,0.65585262970174900251,0.66409761205024730352,72668,38,1,33403.000000000000,83228.066666666667,0.65962873871011664322,26,10,0.64462997244695773696,0.67289930106076275526,8148,41,1,4553.0000000000000000,11797.5333333333333333,0.07396178459583352244,37,8,0.07237324920755318295,0.07677662139774018247,22366,42,2,16738.6666666666666667,26700.3333333333333334,0.20302273861934371171,26,5,0.18975629415334666165,0.21499586569808176370,624,39,1,167.0000000000000000,902.8000000000000000,0.00566423092633776608,29,2,0.00433003535644844975,0.00727003519403350313
"50",177127,29,2,116212.933333333333,186318.866666666666,5262148.44000001,39,3,5094392.30666666,6924425.99999999,11382994.94,27,2,8065105.74066665,12792886.4113333,13604835,37,2,9374394.4,14797993.8,76.8083634906028,40,3,76.0297300998367,78.2277845357613,0.462281540819169,35,3,0.443751633550907,0.565252509643562,0.683862834950239,16,11,0.665464752422578,0.69893438345799,87411,21,7,86569.200000000002,97833.066666666669,0.49349336916449778972,19,8,0.45845226550973703098,0.50181356190669817250,22847,15,2,14822.4666666666666667,23616.9333333333333334,0.12898654637632884879,2,15,0.12551499490928876902,0.13073936712429782898,0.62213857399220904276,29,5,0.61462771795925749746,0.62287270030775579847,123986,22,2,83228.066666666667,133053.133333333334,0.69998362756666120919,18,11,0.67289930106076275526,0.70116862967456777356,17003,18,2,11797.5333333333333333,19042.0666666666666666,0.09599327036533109012,6,13,0.09439011015848818055,0.09879348234867518007,27476,36,3,26700.3333333333333334,36662.0000000000000001,0.15512033738504011246,35,3,0.13927715106387645755,0.16451672260861155960,994,33,2,902.8000000000000000,1638.6000000000000000,0.00561179266853726422,30,2,0.00433003535644844975,0.00727003519403350313
"25",443235,4,6,396636.666666666665,466742.599999999998,11097151.34,19,6,10584493.3866667,12414527.08,29428144.58,4,6,26976228.4233332,31704009.0939999,32617865,5,6,31068792,36492391.4,73.5904542736923,45,1,71.6336212279876,73.8316756639122,0.3770931364644,40,2,0.322250757458251,0.443751633550907,0.726167296547158,11,12,0.69893438345799,0.732404014493401,79621,25,6,75305.333333333335,86569.200000000002,0.17963608469547756833,46,1,0.15492319073100904034,0.19828448712797018186,41555,6,5,41205.8666666666666668,50000.3333333333333335,0.09375387773979942920,36,8,0.08894438940422534930,0.09416876161923440926,0.60363373841896282036,43,3,0.59813775326226089544,0.60638273561075919645,332048,4,6,282528.333333333335,332353.400000000002,0.74914661522668561824,8,13,0.72943795828837279186,0.75770728690217781016,36014,5,5,33531.1333333333333332,40775.6666666666666665,0.08125260866131961601,30,10,0.08117999358792718199,0.08558336577811418151,66669,14,7,66547.0000000000000002,76508.6666666666666669,0.15041456563673897594,37,3,0.13927715106387645755,0.16451672260861155960,2464,19,4,2374.4000000000000000,3110.2000000000000000,0.00555912777646169639,31,2,0.00433003535644844975,0.00727003519403350313
"46",242468,13,3,186318.866666666666,256424.799999999999,5787010.11,33,3,5094392.30666666,6924425.99999999,16103422.92,14,3,12792886.4113333,17520667.0819999,18080795,18,3,14797993.8,20221593.2,74.5698195225762,42,2,73.8316756639122,76.0297300998367,0.359365219354246,43,2,0.322250757458251,0.443751633550907,0.735637476788645,8,13,0.732404014493401,0.765873645528813,71665,31,5,64041.466666666668,75305.333333333335,0.29556477555801177887,37,4,0.28500707992189246490,0.32836837631885360642,26585,13,3,23616.9333333333333334,32411.4000000000000001,0.10964333437814474487,18,11,0.10461750604925252918,0.10984187826426158914,0.59969907842768478465,46,3,0.59813775326226089544,0.60638273561075919645,179242,11,3,133053.133333333334,182878.200000000001,0.73923981721299305475,11,13,0.72943795828837279186,0.75770728690217781016,21572,12,3,19042.0666666666666666,26286.5999999999999999,0.08896844119636405629,16,11,0.08558336577811418151,0.08998673796830118103,35492,30,3,26700.3333333333333334,36662.0000000000000001,0.14637807875678440042,40,3,0.13927715106387645755,0.16451672260861155960,1155,30,2,902.8000000000000000,1638.6000000000000000,0.00476351518550901562,32,2,0.00433003535644844975,0.00727003519403350313
"48",161715,35,2,116212.933333333333,186318.866666666666,3843111.95999999,44,2,3264358.61333333,5094392.30666666,10572939.57,35,2,8065105.74066665,12792886.4113333,11868930,40,2,9374394.4,14797993.8,73.3941192839254,46,1,71.6336212279876,73.8316756639122,0.363485663996847,42,2,0.322250757458251,0.443751633550907,0.733414385207876,9,13,0.732404014493401,0.765873645528813,61529,34,4,52777.600000000001,64041.466666666668,0.38047800142225520205,29,6,0.37172967271581474794,0.41509096911277588946,17207,27,2,14822.4666666666666667,23616.9333333333333334,0.10640324026837337291,22,11,0.10461750604925252918,0.10984187826426158914,0.61242517580054628930,36,4,0.60638273561075919645,0.61462771795925749746,121081,23,2,83228.066666666667,133053.133333333334,0.74873079182512444733,9,13,0.72943795828837279186,0.75770728690217781016,13127,28,2,11797.5333333333333333,19042.0666666666666666,0.08117366972760721022,31,9,0.07677662139774018247,0.08117999358792718199,23758,41,2,16738.6666666666666667,26700.3333333333333334,0.14691277865380453267,39,3,0.13927715106387645755,0.16451672260861155960,740,35,1,167.0000000000000000,902.8000000000000000,0.00457595151964876480,33,2,0.00433003535644844975,0.00727003519403350313
"13",83126,46,1,46107.000000000000,116212.933333333333,4005094.08,42,2,3264358.61333333,5094392.30666666,6039951.63000001,45,1,3337325.07,8065105.74066665,7458395,46,1,3950795,9374394.4,89.7239732454346,17,9,89.2180567153841,91.4161111513086,0.663100356649709,25,4,0.565252509643562,0.686753385736217,0.601286624707654,26,9,0.598525490351755,0.631995121387166,28907,48,1,18986.000000000000,30249.866666666667,0.34774920000962394437,32,5,0.32836837631885360642,0.37172967271581474794,7761,46,1,6028.0000000000000000,14822.4666666666666667,0.09336429035440175156,37,8,0.08894438940422534930,0.09416876161923440926,0.61242107975776317485,37,4,0.60638273561075919645,0.61462771795925749746,53565,43,1,33403.000000000000,83228.066666666667,0.64438322546495681255,28,9,0.61636064383315271866,0.64462997244695773696,5866,46,1,4553.0000000000000000,11797.5333333333333333,0.07056757211943314968,40,7,0.06796987701736618343,0.07237324920755318295,15752,46,1,6777.0000000000000000,16738.6666666666666667,0.18949546471621394028,28,4,0.16451672260861155960,0.18975629415334666165,369,45,1,167.0000000000000000,902.8000000000000000,0.00443904434232370137,34,2,0.00433003535644844975,0.00727003519403350313
"2",455095,3,6,396636.666666666665,466742.599999999998,8484861.24000002,26,4,6924425.99999999,8754459.69333332,30311415.33,3,6,26976228.4233332,31704009.0939999,33039930,4,6,31068792,36492391.4,72.6000725123326,47,1,71.6336212279876,73.8316756639122,0.279922964586953,46,1,0.200749881365596,0.322250757458251,0.78129702151466,5,14,0.765873645528813,0.799343276564225,99033,14,8,97833.066666666669,109096.933333333336,0.21760951010228633582,44,2,0.19828448712797018186,0.24164578352493132338,47362,4,5,41205.8666666666666668,50000.3333333333333335,0.10407057867038750151,30,10,0.09939313383424346922,0.10461750604925252918,0.62153202989738609011,30,5,0.61462771795925749746,0.62287270030775579847,346824,3,7,332353.400000000002,382178.466666666669,0.76209143145936562696,6,14,0.75770728690217781016,0.78597661551598282846,40360,3,5,33531.1333333333333332,40775.6666666666666665,0.08868478010085806260,17,11,0.08558336577811418151,0.08998673796830118103,55104,19,5,46623.6666666666666668,56585.3333333333333335,0.12108241136466012591,46,2,0.11403757951914135550,0.13927715106387645755,1826,22,3,1638.6000000000000000,2374.4000000000000000,0.00401234906997440095,35,1,0.00139003551886339637,0.00433003535644844975
"30",165844,33,2,116212.933333333333,186318.866666666666,6473144.33,31,3,5094392.30666666,6924425.99999999,11751926.58,24,2,8065105.74066665,12792886.4113333,13645955,36,2,9374394.4,14797993.8,82.2818733267408,26,5,80.4258389716858,82.6238934076104,0.550815586358096,30,3,0.443751633550907,0.565252509643562,0.644821994824272,21,10,0.631995121387166,0.665464752422578,51499,38,3,41513.733333333334,52777.600000000001,0.31052676008779334797,35,4,0.28500707992189246490,0.32836837631885360642,13436,35,1,6028.0000000000000000,14822.4666666666666667,0.08101589445503002822,42,6,0.07849564497420722938,0.08372001718921628934,0.61915748734742482882,31,5,0.61462771795925749746,0.62287270030775579847,115570,24,2,83228.066666666667,133053.133333333334,0.69685969947661657944,20,11,0.67289930106076275526,0.70116862967456777356,10077,36,1,4553.0000000000000000,11797.5333333333333333,0.06076192084127252116,43,5,0.05916313263699218439,0.06356650482717918391,31472,32,3,26700.3333333333333334,36662.0000000000000001,0.18976869829478304913,27,5,0.18975629415334666165,0.21499586569808176370,665,38,1,167.0000000000000000,902.8000000000000000,0.00400979233496538916,36,1,0.00139003551886339637,0.00433003535644844975
"1",423120,5,6,396636.666666666665,466742.599999999998,8875342.43,24,5,8754459.69333332,10584493.3866667,28610635.01,5,6,26976228.4233332,31704009.0939999,30520260,6,5,25645192.6,31068792,72.1314520703347,48,1,71.6336212279876,73.8316756639122,0.310211305233103,45,1,0.200749881365596,0.322250757458251,0.763235667411744,6,13,0.732404014493401,0.765873645528813,74299,28,5,64041.466666666668,75305.333333333335,0.17559793911892607298,47,1,0.15492319073100904034,0.19828448712797018186,36764,9,4,32411.4000000000000001,41205.8666666666666668,0.08688788050671204386,39,7,0.08372001718921628934,0.08894438940422534930,0.60303557828310303558,44,3,0.59813775326226089544,0.60638273561075919645,330507,5,6,282528.333333333335,332353.400000000002,0.78111883153715258083,4,14,0.75770728690217781016,0.78597661551598282846,27514,9,4,26286.5999999999999999,33531.1333333333333332,0.06502647003214218189,41,6,0.06356650482717918391,0.06796987701736618343,56955,18,6,56585.3333333333333335,66547.0000000000000002,0.13460720363017583664,44,2,0.11403757951914135550,0.13927715106387645755,1586,25,2,902.8000000000000000,1638.6000000000000000,0.00374834562299111363,37,1,0.00139003551886339637,0.00433003535644844975
"41",46107,50,1,46107.000000000000,116212.933333333333,1434324.92,50,1,1434324.92,3264358.61333333,3337325.07,50,1,3337325.07,8065105.74066665,3950795,50,1,3950795,9374394.4,85.6875311774785,20,7,84.8219478435349,87.0200022794595,0.429782802069084,38,2,0.322250757458251,0.443751633550907,0.699406929886741,13,12,0.69893438345799,0.732404014493401,18986,50,1,18986.000000000000,30249.866666666667,0.41178129134404754159,23,6,0.37172967271581474794,0.41509096911277588946,6028,50,1,6028.0000000000000000,14822.4666666666666667,0.13073936712429782896,1,16,0.13073936712429782898,0.13596373933930688894,0.60998672859986728600,38,4,0.60638273561075919645,0.61462771795925749746,33403,50,1,33403.000000000000,83228.066666666667,0.72446700067234910100,13,12,0.70116862967456777356,0.72943795828837279186,4553,50,1,4553.0000000000000000,11797.5333333333333333,0.09874856312490511202,4,13,0.09439011015848818055,0.09879348234867518007,6777,50,1,6777.0000000000000000,16738.6666666666666667,0.14698418895178606285,38,3,0.13927715106387645755,0.16451672260861155960,167,50,1,167.0000000000000000,902.8000000000000000,0.00362200967315158219,38,1,0.00139003551886339637,0.00433003535644844975
"35",209988,19,3,186318.866666666666,256424.799999999999,7263938.16000003,29,4,6924425.99999999,8754459.69333332,14518241.8,16,3,12792886.4113333,17520667.0819999,16474535,23,3,14797993.8,20221593.2,78.4546497895118,36,4,78.2277845357613,80.4258389716858,0.500331807395577,32,3,0.443751633550907,0.565252509643562,0.666519229326943,19,11,0.665464752422578,0.69893438345799,51613,37,3,41513.733333333334,52777.600000000001,0.24579023563251233404,42,3,0.24164578352493132338,0.28500707992189246490,17099,29,2,14822.4666666666666667,23616.9333333333333334,0.08142846257881402747,41,6,0.07849564497420722938,0.08372001718921628934,0.61518217439616351833,33,5,0.61462771795925749746,0.62287270030775579847,151457,16,3,133053.133333333334,182878.200000000001,0.72126502466807627103,14,12,0.70116862967456777356,0.72943795828837279186,12767,31,2,11797.5333333333333333,19042.0666666666666666,0.06079871230736994495,42,5,0.05916313263699218439,0.06356650482717918391,39158,26,4,36662.0000000000000001,46623.6666666666666668,0.18647732251366744766,31,4,0.16451672260861155960,0.18975629415334666165,727,36,1,167.0000000000000000,902.8000000000000000,0.00346210259633883841,39,1,0.00139003551886339637,0.00433003535644844975
"45",102532,44,1,46107.000000000000,116212.933333333333,3190051.65999999,47,1,1434324.92,3264358.61333333,7120980.72000001,42,1,3337325.07,8065105.74066665,8306840,44,1,3950795,9374394.4,81.0170483361292,31,5,80.4258389716858,82.6238934076104,0.447979258115445,36,3,0.443751633550907,0.565252509643562,0.690617627562916,15,11,0.665464752422578,0.69893438345799,28943,47,1,18986.000000000000,30249.866666666667,0.28228260445519447587,39,3,0.24164578352493132338,0.28500707992189246490,11586,38,1,6028.0000000000000000,14822.4666666666666667,0.11299886864588616237,12,12,0.10984187826426158914,0.11506625047927064910,0.61410322803383393751,34,4,0.60638273561075919645,0.61462771795925749746,73302,37,1,33403.000000000000,83228.066666666667,0.71491826941832793664,15,12,0.70116862967456777356,0.72943795828837279186,8877,40,1,4553.0000000000000000,11797.5333333333333333,0.08657784886669527562,23,11,0.08558336577811418151,0.08998673796830118103,15796,45,1,6777.0000000000000000,16738.6666666666666667,0.15405922053602777669,36,3,0.13927715106387645755,0.16451672260861155960,334,47,1,167.0000000000000000,902.8000000000000000,0.00325751960363593805,40,1,0.00139003551886339637,0.00433003535644844975
"14",163484,34,2,116212.933333333333,186318.866666666666,8711851.92000003,25,4,6924425.99999999,8754459.69333332,10923127.66,33,2,8065105.74066665,12792886.4113333,14477660,31,2,9374394.4,14797993.8,88.5570453377701,19,8,87.0200022794595,89.2180567153841,0.797560203558036,19,5,0.686753385736217,0.808254261828873,0.556309601214263,32,7,0.531586228280931,0.565055859316343,64192,32,5,64041.466666666668,75305.333333333335,0.39265004526436837856,27,6,0.37172967271581474794,0.41509096911277588946,9052,43,1,6028.0000000000000000,14822.4666666666666667,0.05536933277874287392,49,1,0.05237378389916192958,0.05759815611417098954,0.64626601855943437914,18,8,0.63936266500475240049,0.64760764735325070150,98467,28,2,83228.066666666667,133053.133333333334,0.60230358934207628881,34,8,0.58809131521934770036,0.61636064383315271866,7081,44,1,4553.0000000000000000,11797.5333333333333333,0.04331310709304886105,49,1,0.04154964387624418631,0.04595301606643118583,30693,33,3,26700.3333333333333334,36662.0000000000000001,0.18774314305987130239,29,4,0.16451672260861155960,0.18975629415334666165,524,42,1,167.0000000000000000,902.8000000000000000,0.00320520662572484157,41,1,0.00139003551886339637,0.00433003535644844975
"33",183762,23,2,116212.933333333333,186318.866666666666,5262403.94,38,3,5094392.30666666,6924425.99999999,12846569.08,19,3,12792886.4113333,17520667.0819999,14178250,34,2,9374394.4,14797993.8,77.1555054907979,39,3,76.0297300998367,78.2277845357613,0.409634970024229,39,2,0.322250757458251,0.443751633550907,0.709403513154056,12,12,0.69893438345799,0.732404014493401,51808,36,3,41513.733333333334,52777.600000000001,0.28192988757196808916,40,3,0.24164578352493132338,0.28500707992189246490,14832,32,2,14822.4666666666666667,23616.9333333333333334,0.08071309628758938192,43,6,0.07849564497420722938,0.08372001718921628934,0.58164778856526429342,50,1,0.58164778856526429342,0.58989277091376259443,137173,19,3,133053.133333333334,182878.200000000001,0.74647097876601255972,10,13,0.72943795828837279186,0.75770728690217781016,10597,34,1,4553.0000000000000000,11797.5333333333333333,0.05766698229231288297,45,4,0.05475976044680518487,0.05916313263699218439,28949,35,3,26700.3333333333333334,36662.0000000000000001,0.15753529021233987440,34,3,0.13927715106387645755,0.16451672260861155960,570,40,1,167.0000000000000000,902.8000000000000000,0.00310183824729813563,42,1,0.00139003551886339637,0.00433003535644844975
"39",103665,43,1,46107.000000000000,116212.933333333333,3414796.91,46,2,3264358.61333333,5094392.30666666,7036085.46000001,43,1,3337325.07,8065105.74066665,8459935,43,1,3950795,9374394.4,81.6084020643419,30,5,80.4258389716858,82.6238934076104,0.48532624133306,34,3,0.443751633550907,0.565252509643562,0.673252765737522,17,11,0.665464752422578,0.69893438345799,34306,44,2,30249.866666666667,41513.733333333334,0.33093136545603627068,33,5,0.32836837631885360642,0.37172967271581474794,10740,41,1,6028.0000000000000000,14822.4666666666666667,0.10360295181594559398,31,10,0.09939313383424346922,0.10461750604925252918,0.60763500931098696462,40,4,0.60638273561075919645,0.61462771795925749746,71558,39,1,33403.000000000000,83228.066666666667,0.69028119423141851155,21,11,0.67289930106076275526,0.70116862967456777356,7826,42,1,4553.0000000000000000,11797.5333333333333333,0.07549317513143298124,35,8,0.07237324920755318295,0.07677662139774018247,15148,47,1,6777.0000000000000000,16738.6666666666666667,0.14612453576424058265,41,3,0.13927715106387645755,0.16451672260861155960,314,48,1,167.0000000000000000,902.8000000000000000,0.00302898760430231997,43,1,0.00139003551886339637,0.00433003535644844975
"23",147537,37,2,116212.933333333333,186318.866666666666,5661258.23,34,3,5094392.30666666,6924425.99999999,9709988.76000002,36,2,8065105.74066665,12792886.4113333,12086345,39,2,9374394.4,14797993.8,81.9207724164108,28,5,80.4258389716858,82.6238934076104,0.583034478198509,28,4,0.565252509643562,0.686753385736217,0.631698180786308,23,9,0.598525490351755,0.631995121387166,84000,23,6,75305.333333333335,86569.200000000002,0.56934870574838853982,15,10,0.54517485830365931402,0.58853615470062045554,14185,33,1,6028.0000000000000000,14822.4666666666666667,0.09614537370286775521,34,9,0.09416876161923440926,0.09939313383424346922,0.70532252379273880860,1,16,0.70532252379273880857,0.71356750614123710958,98409,29,2,83228.066666666667,133053.133333333334,0.66701234266658533114,24,10,0.64462997244695773696,0.67289930106076275526,12221,32,2,11797.5333333333333333,19042.0666666666666666,0.08283345872560781363,28,10,0.08117999358792718199,0.08558336577811418151,20770,44,2,16738.6666666666666667,26700.3333333333333334,0.14077824545707178538,43,3,0.13927715106387645755,0.16451672260861155960,437,43,1,167.0000000000000000,902.8000000000000000,0.00296196886204816419,44,1,0.00139003551886339637,0.00433003535644844975
"38",69827,47,1,46107.000000000000,116212.933333333333,2476610.21,49,1,1434324.92,3264358.61333333,5065106.01,47,1,3337325.07,8065105.74066665,5887125,48,1,3950795,9374394.4,84.3101522333768,24,6,82.6238934076104,84.8219478435349,0.48895525683183,33,3,0.443751633550907,0.565252509643562,0.671611853621297,18,11,0.665464752422578,0.69893438345799,27999,49,1,18986.000000000000,30249.866666666667,0.40097669955747776648,25,6,0.37172967271581474794,0.41509096911277588946,7271,48,1,6028.0000000000000000,14822.4666666666666667,0.10412877540206510376,29,10,0.09939313383424346922,0.10461750604925252918,0.60789437491404208500,39,4,0.60638273561075919645,0.61462771795925749746,49354,44,1,33403.000000000000,83228.066666666667,0.70680395835421828233,17,12,0.70116862967456777356,0.72943795828837279186,5661,48,1,4553.0000000000000000,11797.5333333333333333,0.08107179171380698011,32,9,0.07677662139774018247,0.08117999358792718199,11690,49,1,6777.0000000000000000,16738.6666666666666667,0.16741375112778724562,32,4,0.16451672260861155960,0.18975629415334666165,199,49,1,167.0000000000000000,902.8000000000000000,0.00284990046830022771,45,1,0.00139003551886339637,0.00433003535644844975
"40",211875,17,3,186318.866666666666,256424.799999999999,4676262.2,41,2,3264358.61333333,5094392.30666666,14070858.55,17,3,12792886.4113333,17520667.0819999,15788505,25,3,14797993.8,20221593.2,74.518017699115,43,2,73.8316756639122,76.0297300998367,0.332336664701955,44,2,0.322250757458251,0.443751633550907,0.750561045487479,7,13,0.732404014493401,0.765873645528813,90689,20,7,86569.200000000002,97833.066666666669,0.42803067846607669617,21,7,0.41509096911277588946,0.45845226550973703098,25292,14,3,23616.9333333333333334,32411.4000000000000001,0.11937227138643067847,7,13,0.11506625047927064910,0.12029062269427970906,0.63272971690653170963,23,7,0.63111768265625409948,0.63936266500475240049,159012,14,3,133053.133333333334,182878.200000000001,0.75049911504424778761,7,13,0.72943795828837279186,0.75770728690217781016,19372,15,3,19042.0666666666666666,26286.5999999999999999,0.09143126843657817109,12,12,0.08998673796830118103,0.09439011015848818055,26650,37,2,16738.6666666666666667,26700.3333333333333334,0.12578171091445427729,45,2,0.11403757951914135550,0.13927715106387645755,528,41,1,167.0000000000000000,902.8000000000000000,0.00249203539823008850,46,1,0.00139003551886339637,0.00433003535644844975
"44",520445,2,7,466742.599999999998,536848.533333333331,7965664.39000002,27,4,6924425.99999999,8754459.69333332,33878370.8299999,2,7,31704009.0939999,36431789.7646665,37281360,2,7,36492391.4,41915990.8,71.6336212279876,50,1,71.6336212279876,73.8316756639122,0.235125367449673,48,1,0.200749881365596,0.322250757458251,0.809634411496893,3,15,0.799343276564225,0.832812907599636,80629,24,6,75305.333333333335,86569.200000000002,0.15492319073100904034,50,1,0.15492319073100904034,0.19828448712797018186,57017,2,6,50000.3333333333333335,58794.8000000000000002,0.10955432370375351862,19,11,0.10461750604925252918,0.10984187826426158914,0.61294000035077257660,35,4,0.60638273561075919645,0.61462771795925749746,397839,2,8,382178.466666666669,432003.533333333336,0.76442083217246779199,5,14,0.75770728690217781016,0.78597661551598282846,56000,2,8,55264.7333333333333331,62509.2666666666666664,0.10760022672904917907,1,16,0.10760022672904917911,0.11200359891923617863,52434,21,5,46623.6666666666666668,56585.3333333333333335,0.10074839800555294027,48,1,0.08879800797440625345,0.11403757951914135550,1132,31,2,902.8000000000000000,1638.6000000000000000,0.00217506172602292269,47,1,0.00139003551886339637,0.00433003535644844975
"43",380718,7,5,326530.733333333332,396636.666666666665,5326002.86,37,3,5094392.30666666,6924425.99999999,26066514.3599999,7,5,22248447.7526666,26976228.4233332,28088930,8,5,25645192.6,31068792,73.77883367742,44,1,71.6336212279876,73.8316756639122,0.204323554213791,49,1,0.200749881365596,0.322250757458251,0.830341644071574,2,15,0.799343276564225,0.832812907599636,75425,26,6,75305.333333333335,86569.200000000002,0.19811251372406873329,45,1,0.15492319073100904034,0.19828448712797018186,42972,5,5,41205.8666666666666668,50000.3333333333333335,0.11287094384820260665,13,12,0.10984187826426158914,0.11506625047927064910,0.60006515870799590431,45,3,0.59813775326226089544,0.60638273561075919645,302105,6,6,282528.333333333335,332353.400000000002,0.79351383438660635956,2,15,0.78597661551598282846,0.81424594412978784676,32625,6,4,26286.5999999999999999,33531.1333333333333332,0.08569334783225379415,25,11,0.08558336577811418151,0.08998673796830118103,33807,31,3,26700.3333333333333334,36662.0000000000000001,0.08879800797440625345,50,1,0.08879800797440625345,0.11403757951914135550,689,37,1,167.0000000000000000,902.8000000000000000,0.00180973844157617974,48,1,0.00139003551886339637,0.00433003535644844975
"32",226608,15,3,186318.866666666666,256424.799999999999,3888103.96999999,43,2,3264358.61333333,5094392.30666666,16109878.36,13,3,12792886.4113333,17520667.0819999,17218205,22,3,14797993.8,20221593.2,75.9823351337993,41,2,73.8316756639122,76.0297300998367,0.241349058206048,47,1,0.200749881365596,0.322250757458251,0.805575187244403,4,15,0.799343276564225,0.832812907599636,50958,39,3,41513.733333333334,52777.600000000001,0.22487290828214361364,43,2,0.19828448712797018186,0.24164578352493132338,21886,17,2,14822.4666666666666667,23616.9333333333333334,0.09658087975711360587,33,9,0.09416876161923440926,0.09939313383424346922,0.58594535319382253495,49,1,0.58164778856526429342,0.58989277091376259443,177439,12,3,133053.133333333334,182878.200000000001,0.78302178210831038622,3,14,0.75770728690217781016,0.78597661551598282846,19925,14,3,19042.0666666666666666,26286.5999999999999999,0.08792716938501729859,20,11,0.08558336577811418151,0.08998673796830118103,24806,39,2,16738.6666666666666667,26700.3333333333333334,0.10946656781755277837,47,1,0.08879800797440625345,0.11403757951914135550,398,44,1,167.0000000000000000,902.8000000000000000,0.00175633693426533926,49,1,0.00139003551886339637,0.00433003535644844975
"47",260425,11,4,256424.799999999999,326530.733333333332,3589766.39,45,2,3264358.61333333,5094392.30666666,17881785.86,11,4,17520667.0819999,22248447.7526666,18679115,15,3,14797993.8,20221593.2,71.7255063837957,49,1,71.6336212279876,73.8316756639122,0.200749881365596,50,1,0.200749881365596,0.322250757458251,0.832812907599636,1,16,0.832812907599636,0.866282538635048,43198,43,3,41513.733333333334,52777.600000000001,0.16587501199961601229,49,1,0.15492319073100904034,0.19828448712797018186,27457,12,3,23616.9333333333333334,32411.4000000000000001,0.10543150619180186234,26,11,0.10461750604925252918,0.10984187826426158914,0.59769821903339767637,47,2,0.58989277091376259443,0.59813775326226089544,212050,9,4,182878.200000000001,232703.266666666668,0.81424594412978784679,1,16,0.81424594412978784676,0.84251527274359286506,20125,13,3,19042.0666666666666666,26286.5999999999999999,0.07727752711913218777,34,9,0.07677662139774018247,0.08117999358792718199,25577,38,2,16738.6666666666666667,26700.3333333333333334,0.09821253719880963809,49,1,0.08879800797440625345,0.11403757951914135550,362,46,1,167.0000000000000000,902.8000000000000000,0.00139003551886339637,50,1,0.00139003551886339637,0.00433003535644844975