"ward","ticket_count","ticket_count_rank","ticket_count_rank_type","ticket_count_bucket","current_amount_due","current_amount_due_rank","current_amount_due_rank_type","current_amount_due_bucket","fine_level1_amount","fine_level1_amount_rank","fine_level1_amount_rank_type","fine_level1_amount_bucket","total_payments","total_payments_rank","total_payments_rank_type","total_payments_bucket","avg_per_ticket","avg_per_ticket_rank","avg_per_ticket_rank_type","avg_per_ticket_bucket","debt_to_payment_ratio","debt_to_payment_ratio_rank","debt_to_payment_ratio_rank_type","debt_to_payment_ratio_bucket","paid_pct","paid_pct_rank","paid_pct_rank_type","paid_pct_bucket","police_ticket_count","police_ticket_count_rank","police_ticket_count_rank_type","police_ticket_count_pct","police_ticket_count_pct_rank","police_ticket_count_pct_rank_type","contested_and_notliable_pct","contested_and_notliable_pct_rank","contested_and_notliable_pct_rank_type","contested_ticket_count","contested_ticket_count_rank","contested_ticket_count_rank_type","contested_ticket_count_pct","contested_ticket_count_pct_rank","contested_ticket_count_pct_rank_type","paid_ticket_count","paid_ticket_count_rank","paid_ticket_count_rank_type","paid_ticket_count_pct","paid_ticket_count_pct_rank","paid_ticket_count_pct_rank_type","dismissed_ticket_count","dismissed_ticket_count_rank","dismissed_ticket_count_rank_type","dismissed_ticket_count_pct","dismissed_ticket_count_pct_rank","dismissed_ticket_count_pct_rank_type","seized_or_suspended_ticket_count","seized_or_suspended_ticket_count_rank","seized_or_suspended_ticket_count_rank_type","seized_or_suspended_ticket_count_pct","seized_or_suspended_ticket_count_pct_rank","seized_or_suspended_ticket_count_pct_rank_type","bankruptcy_ticket_count","bankruptcy_ticket_count_rank","bankruptcy_ticket_count_rank_type","bankruptcy_ticket_count_pct","bankruptcy_ticket_count_pct_rank","bankruptcy_ticket_count_pct_rank_type"
"29","726017","31","middle30","2","42500242.1099996","12","middle30","6","50345885","30","middle30","3","38950634.6199997","29","middle30","2","69.345325247205","12","middle30","11","1.0911309282796","8","top10","12","0.478210133318966","43","bottom10","2","456008","26","middle30","0.62809548536742252592","12","middle30","0.58702228197473259653","26","middle30","50579","29","middle30","0.06966641276994891304","36","middle30","367671","33","middle30","0.50642202593052228805","43","bottom10","53417","28","middle30","0.07357541214599658135","35","middle30","342677","16","middle30","0.47199583480827583927","1","top10","20522","6","top10","0.02826655574180769872","1","top10"
"37","734376","30","middle30","2","47023834.4199997","8","top10","7","53665820","26","middle30","3","38871568.7699999","30","middle30","2","73.0767617678138","4","top10","13","1.20972309345774","4","top10","14","0.452545390397859","47","bottom10","1","507803","20","middle30","0.69147548394827717681","4","top10","0.59888161483906164757","12","middle30","51324","27","middle30","0.06988790483349129057","34","middle30","346983","35","middle30","0.47248684597535867185","48","bottom10","54317","27","middle30","0.07396347375186552937","34","middle30","340153","17","middle30","0.46318643310783576805","3","top10","19845","7","top10","0.02702294192620673878","2","top10"
"24","850459","22","middle30","3","54001654.6399994","4","top10","8","58350565","21","middle30","3","40699653.6599999","24","middle30","2","68.6106737655784","15","middle30","10","1.32683327212371","1","top10","16","0.429768652520297","50","bottom10","1","581979","15","middle30","0.6843116481805707271","5","top10","0.59572553430821147357","18","middle30","53340","26","middle30","0.06271907287711694508","40","middle30","393461","29","middle30","0.46264546556624128853","50","bottom10","57604","24","middle30","0.06773283603324792847","38","middle30","386452","7","top10","0.45440403358656913502","5","top10","22211","4","top10","0.02611648533321418199","3","top10"
"6","820002","23","middle30","2","48797879.2499994","7","top10","7","58529480","20","middle30","3","45342141.2099998","21","middle30","3","71.3772405433158","7","top10","12","1.07621470772619","9","top10","12","0.481645754785724","42","bottom10","3","533677","18","middle30","0.65082402238043321846","9","top10","0.61598128145132856822","7","top10","62398","22","middle30","0.07609493635381377119","29","middle30","417217","27","middle30","0.50879997853663771552","42","bottom10","65168","20","middle30","0.07947297689517830444","25","middle30","370083","10","top10","0.45131963092772944456","6","top10","21228","5","top10","0.02588774173721527508","4","top10"
"34","419815","43","bottom10","1","28493756.03","29","middle30","4","32033105","40","middle30","2","23775974.7199999","43","bottom10","1","76.3029072329478","1","top10","16","1.19842641008663","5","top10","14","0.454870809144162","46","bottom10","2","318575","37","middle30","0.75884615842692614604","1","top10","0.6270184084649949268","3","top10","34495","39","middle30","0.08216714505198718483","25","middle30","198355","45","bottom10","0.47248192656289079714","49","bottom10","36646","41","bottom10","0.08729083048485642485","9","top10","192838","36","middle30","0.45934042375808391792","4","top10","10865","17","middle30","0.02588044733989971773","5","top10"
"17","696249","33","middle30","2","43107760.5399996","10","top10","7","50598085","28","middle30","3","38112539.8899999","32","middle30","2","72.6723988113448","5","top10","13","1.1310650159873","7","top10","13","0.469248940082998","44","bottom10","2","453854","27","middle30","0.65185587340161350322","8","top10","0.59747444142541587662","15","middle30","51157","28","middle30","0.07347515041314242462","32","middle30","345903","36","middle30","0.49680933114446124878","44","bottom10","53365","29","middle30","0.0766464296537589282","30","middle30","313484","20","middle30","0.45024696624339855425","8","top10","17944","9","top10","0.02577238890109716495","6","top10"
"21","522735","39","middle30","2","31464206.6999999","27","middle30","5","39726600","38","middle30","2","30999790.8599999","37","middle30","2","75.9975896008494","2","top10","15","1.01498125719936","12","middle30","11","0.496282531873229","39","middle30","3","356256","34","middle30","0.68152314270136876237","6","top10","0.62654057986075028577","4","top10","48115","31","middle30","0.09204472629535041656","6","top10","268770","42","bottom10","0.51416109500989985365","40","middle30","48388","33","middle30","0.09256697944465168776","2","top10","227058","33","middle30","0.43436540503314298832","10","top10","13122","16","middle30","0.02510258544004132113","7","top10"
"7","573243","38","middle30","2","33950740.0799998","23","middle30","5","39749280","37","middle30","2","29397087.8599999","39","middle30","2","69.3410647840445","13","middle30","11","1.15490147329171","6","top10","13","0.464058339740449","45","bottom10","2","308710","38","middle30","0.53853252460125984966","26","middle30","0.56531049250535331906","41","bottom10","45299","34","middle30","0.07902233433290942933","28","middle30","274030","41","bottom10","0.47803462057103183118","47","bottom10","49218","31","middle30","0.08585887660206927952","13","middle30","268675","26","middle30","0.46869303244871721068","2","top10","13941","15","middle30","0.02431952941422747421","8","top10"
"20","783460","28","middle30","2","48950975.8199994","6","top10","7","54397595","25","middle30","3","39324381.2299998","28","middle30","2","69.4325109131289","11","middle30","11","1.24479964563704","2","top10","14","0.445474054641619","49","bottom10","1","548229","16","middle30","0.69975365685548719781","3","top10","0.61404854528518985261","8","top10","54753","24","middle30","0.06988614606999719194","35","middle30","375722","31","middle30","0.47956755928828529855","46","bottom10","59143","23","middle30","0.07548949531565108621","32","middle30","352258","15","middle30","0.4496183595844076277","9","top10","18067","8","top10","0.02306052638296786052","9","top10"
"8","643480","36","middle30","2","34565979.5499998","21","middle30","5","44501805","34","middle30","2","35370949.3599999","35","middle30","2","69.1580235593958","14","middle30","11","0.977242063768004","14","middle30","11","0.505754969674433","37","middle30","4","332494","36","middle30","0.51671225212904829987","28","middle30","0.60434855140966468331","10","top10","53949","25","middle30","0.08383943556909305651","19","middle30","337603","37","middle30","0.52465189283272207372","39","middle30","56866","26","middle30","0.08837259899297569466","7","top10","279222","25","middle30","0.43392490831105861876","11","middle30","14835","14","middle30","0.02305432958289301921","10","top10"
"9","351506","45","bottom10","1","20666074.49","37","middle30","3","25841690","44","bottom10","1","19914102.68","44","bottom10","1","73.5170665650088","3","top10","14","1.03776076793836","10","top10","12","0.490734739687682","41","bottom10","3","194787","45","bottom10","0.55414985803940757768","23","middle30","0.58565448651370660624","27","middle30","31773","42","bottom10","0.09039106018104954112","8","top10","179757","47","bottom10","0.51139098621360659562","41","bottom10","30739","43","bottom10","0.08744943187314014555","8","top10","149092","40","middle30","0.4241520770626959426","12","middle30","7875","20","middle30","0.02240360050753045467","11","middle30"
"16","800289","27","middle30","2","49886840.6799994","5","top10","8","55971585","23","middle30","3","40483740.7899999","25","middle30","2","69.9392157083254","9","top10","11","1.23226855291797","3","top10","14","0.447974773775683","48","bottom10","1","540506","17","middle30","0.67538851589863161933","7","top10","0.58775323432755106286","25","middle30","48078","32","middle30","0.0600757976181104576","43","bottom10","384809","30","middle30","0.48083754743598874906","45","bottom10","52500","30","middle30","0.06560130152982235168","39","middle30","360954","13","middle30","0.45102956556943804051","7","top10","17705","10","top10","0.02212325797305723307","12","middle30"
"28","1332828","9","top10","4","69052415.259999","2","top10","11","89104805","9","top10","5","67888439.4900001","9","top10","4","66.8539413937882","18","middle30","9","1.01714541943729","11","middle30","11","0.495750078484161","40","middle30","3","812695","5","top10","0.60975234613918675178","14","middle30","0.5904329608938547486","23","middle30","100240","11","middle30","0.07520850402302472637","30","middle30","709708","12","middle30","0.53248281098536345275","38","middle30","104260","9","top10","0.07822464714126654002","28","middle30","527276","3","top10","0.39560693502837575441","13","middle30","28959","1","top10","0.02172748471670763219","13","middle30"
"18","253791","48","bottom10","1","12524355.0900001","46","bottom10","2","18443320","48","bottom10","1","15116388.3000001","48","bottom10","1","72.6712925202233","6","top10","13","0.828528272854703","18","middle30","9","0.546887906982591","33","middle30","5","135505","48","bottom10","0.53392358279056388918","27","middle30","0.59387648207228227227","20","middle30","21001","49","bottom10","0.08274919126367759298","24","middle30","140609","49","bottom10","0.5540346190369240832","34","middle30","20920","48","bottom10","0.08243003100976787987","20","middle30","91294","46","bottom10","0.35972118790658455186","14","middle30","4437","28","middle30","0.01748288946416539594","14","middle30"
"5","1066278","16","middle30","3","39099465.0999997","15","middle30","6","67806820","12","middle30","4","58263713.6899999","13","middle30","3","63.592065108724","24","middle30","7","0.671077461832142","26","middle30","6","0.598416304953103","25","middle30","7","476558","23","middle30","0.44693597729672749508","39","middle30","0.56265428603782131129","44","bottom10","88310","15","middle30","0.08282080283003119262","22","middle30","642266","17","middle30","0.60234385404181648688","26","middle30","92194","12","middle30","0.08646338009412179563","11","middle30","364347","11","middle30","0.3416998193716835572","15","middle30","16854","11","middle30","0.01580638445133445499","15","middle30"
"3","1068060","15","middle30","3","39425365.9399993","14","middle30","6","66560465","13","middle30","3","56067856.8399998","14","middle30","3","62.3190317023388","28","middle30","6","0.703172337271728","22","middle30","7","0.587139644131302","29","middle30","7","657643","9","top10","0.61573600734041158736","13","middle30","0.60407532410182001703","11","middle30","95109","12","middle30","0.08904836806920959497","9","top10","631895","18","middle30","0.5916287474486452072","29","middle30","92175","13","middle30","0.08630133138587719791","12","middle30","363786","12","middle30","0.34060446042357170945","16","middle30","15058","13","middle30","0.01409845888807744883","16","middle30"
"27","1972334","5","top10","6","62580044.0999991","3","top10","10","115535225","4","top10","6","97965748.2800004","5","top10","6","58.5779208795265","38","middle30","4","0.638795142166793","29","middle30","6","0.610204396064912","22","middle30","8","1007188","2","top10","0.51065793116176063486","29","middle30","0.57522069829245196567","33","middle30","163685","5","top10","0.08299050769291610853","20","middle30","1202518","5","top10","0.60969288163161006199","24","middle30","165555","4","top10","0.08393862297156566788","15","middle30","606518","2","top10","0.30751282490693766877","20","middle30","24138","3","top10","0.01223829229734923193","17","middle30"
"10","376393","44","bottom10","1","17471412.8700001","43","bottom10","3","24801125","45","bottom10","1","19075018.44","45","bottom10","1","65.8915681216176","19","middle30","9","0.915931637233068","16","middle30","10","0.521939290821551","35","middle30","4","220190","44","bottom10","0.58500025239576719014","19","middle30","0.60526117717898539816","9","top10","26572","46","bottom10","0.07059642448185805793","33","middle30","203191","44","bottom10","0.53983735085402757224","36","middle30","28487","45","bottom10","0.07568419178890149392","31","middle30","123138","43","bottom10","0.32715273663431572851","17","middle30","4113","30","middle30","0.01092740832055856512","18","middle30"
"19","225980","49","bottom10","1","7711649.12000002","49","bottom10","1","16103920","49","bottom10","1","14532412.8800001","49","bottom10","1","71.2625896097","8","top10","12","0.530651666979062","32","middle30","5","0.65331650667041","19","middle30","9","134445","49","bottom10","0.59494203026816532436","17","middle30","0.56405215646940822467","43","bottom10","24925","48","bottom10","0.11029737144880077883","1","top10","146071","48","bottom10","0.64638906097884768564","14","middle30","20830","49","bottom10","0.09217629878750331888","3","top10","63855","49","bottom10","0.28256925391627577662","27","middle30","2422","40","middle30","0.01071776263386140366","19","middle30"
"4","1700508","7","top10","5","44506653.9299995","9","top10","7","97472810","8","top10","5","87362649.6800004","8","top10","5","57.3198185483397","45","bottom10","3","0.509447161836579","37","middle30","4","0.662494206675825","14","middle30","10","975703","3","top10","0.57377148475631987618","20","middle30","0.59512636589126499966","19","middle30","149170","6","top10","0.08772084577079319827","11","middle30","1081707","8","top10","0.63610815121128509834","18","middle30","155889","6","top10","0.09167201800873621294","4","top10","486627","4","top10","0.28616566343704351876","26","middle30","16270","12","middle30","0.00956772917269427724","20","middle30"
"49","1121939","13","middle30","3","36804001.3999995","19","middle30","6","65168225","15","middle30","3","53838427.9999999","16","middle30","3","58.0853549078872","41","bottom10","3","0.683600966209482","23","middle30","7","0.593964971552276","28","middle30","7","790720","6","top10","0.70477984988488678975","2","top10","0.5535122771964877228","50","bottom10","76076","18","middle30","0.06780760807851407251","38","middle30","656347","16","middle30","0.58501130631879273294","30","middle30","79763","17","middle30","0.07109388300076920403","36","middle30","360088","14","middle30","0.32095149558041925631","18","middle30","8971","18","middle30","0.00799597839098204091","21","middle30"
"15","765820","29","middle30","2","36671149.6499996","20","middle30","6","50372935","29","middle30","3","37186698.7299998","34","middle30","2","65.7764683607114","20","middle30","9","0.986136196607733","13","middle30","11","0.503490144184459","38","middle30","3","429914","29","middle30","0.56137734715729544802","22","middle30","0.61849057756329983812","6","top10","32741","41","bottom10","0.04275286620876968478","49","bottom10","412853","28","middle30","0.53909926614609177091","37","middle30","37164","40","middle30","0.0485283748139249432","48","bottom10","233778","30","middle30","0.30526494476508840197","21","middle30","5861","25","middle30","0.00765323444151367162","22","middle30"
"26","1016631","19","middle30","3","38508771.0699996","16","middle30","6","62122490","17","middle30","3","50410010.2299998","18","middle30","3","61.1062322514265","31","middle30","5","0.763911193318552","20","middle30","8","0.56692196511245","31","middle30","6","492345","21","middle30","0.48429076036437999628","36","middle30","0.59021646497358104653","24","middle30","58670","23","middle30","0.05771022130940331349","45","bottom10","583384","20","middle30","0.57384045932103191817","31","middle30","60087","22","middle30","0.05910404069913272367","44","bottom10","319251","19","middle30","0.31402839378299500999","19","middle30","6877","22","middle30","0.00676449960703539436","23","middle30"
"48","1035302","18","middle30","3","25413304.5999997","33","middle30","4","55437760","24","middle30","3","48160632.4199997","20","middle30","3","53.5474286729862","50","bottom10","1","0.527677966899918","33","middle30","4","0.654588219288962","18","middle30","9","612028","11","middle30","0.59115890822194876471","18","middle30","0.56036740823525302972","46","bottom10","85899","16","middle30","0.08296999329664194602","21","middle30","657320","15","middle30","0.63490652968892168662","19","middle30","85954","14","middle30","0.0830231178921705937","17","middle30","298960","22","middle30","0.28876598325899109632","24","middle30","5890","24","middle30","0.00568916123024972424","24","middle30"
"11","689588","34","middle30","2","18544158.3400001","40","middle30","3","43645785","36","middle30","2","38421468.8199998","31","middle30","2","63.2925529446568","25","middle30","7","0.482650947752086","39","middle30","4","0.674467582215588","12","middle30","10","299964","40","middle30","0.43499016804236732658","41","bottom10","0.56179004939464294062","45","bottom10","64177","20","middle30","0.09306571460060209864","5","top10","458842","25","middle30","0.66538570856801452461","10","top10","57174","25","middle30","0.0829103754705708336","19","middle30","164427","38","middle30","0.23844237428725557869","36","middle30","3823","31","middle30","0.00554388997488355366","25","middle30"
"42","4951982","1","top10","15","99440337.4199995","1","top10","15","287918340","1","top10","15","252538869.370001","1","top10","15","58.1420409040259","40","middle30","4","0.393762503443804","45","bottom10","3","0.717482352645541","6","top10","12","2516001","1","top10","0.50807959318107375996","30","middle30","0.63956141055506466383","2","top10","497960","1","top10","0.10055771608216669608","4","top10","3224522","1","top10","0.65115785962065290221","12","middle30","528757","1","top10","0.10677684208060530107","1","top10","1017358","1","top10","0.20544460783581200416","44","bottom10","26755","2","top10","0.00540288716719891147","26","middle30"
"46","1212505","11","middle30","4","27847989.0799998","30","middle30","4","71477200","10","top10","4","63840303.73","11","middle30","4","58.9500249483507","37","middle30","4","0.436213292433216","43","bottom10","3","0.69627541067094","8","top10","11","658028","8","top10","0.54270126721126923188","24","middle30","0.56454225919223882294","42","bottom10","105551","9","top10","0.08705201215665090041","13","middle30","815974","10","top10","0.67296547230733069142","8","top10","100616","10","top10","0.08298192584772846298","18","middle30","294739","23","middle30","0.24308270893728273285","35","middle30","6336","23","middle30","0.00522554546166819931","27","middle30"
"25","1708139","6","top10","5","42561865.8399995","11","middle30","6","101645805","6","top10","5","89932712.3200007","7","top10","5","59.5067526705965","34","middle30","4","0.473263451552032","40","middle30","4","0.678765226237395","11","middle30","10","739371","7","top10","0.4328517761142389466","42","bottom10","0.56631175940135107342","39","middle30","126418","7","top10","0.07400919948552196279","31","middle30","1150029","7","top10","0.67326429523592635026","7","top10","119584","7","top10","0.0700083541210639181","37","middle30","386191","8","top10","0.22608874336339138677","42","bottom10","8056","19","middle30","0.00471624381856511677","28","middle30"
"50","808395","25","middle30","2","21244452.07","36","middle30","3","48262395","32","middle30","2","40432940.6699999","26","middle30","2","59.7015011225948","33","middle30","5","0.525424362363106","34","middle30","4","0.655555283285796","17","middle30","10","490273","22","middle30","0.60647703164913192189","15","middle30","0.59663785281054491619","17","middle30","83756","17","middle30","0.10360776600547999431","2","top10","517685","21","middle30","0.64038619734164610123","16","middle30","73674","18","middle30","0.0911361401295158926","5","top10","185057","37","middle30","0.22891903091929069329","40","middle30","3754","33","middle30","0.00464376944439290198","29","middle30"
"12","814004","24","middle30","2","33646405.6599997","24","middle30","5","50854160","27","middle30","3","40126227.0099998","27","middle30","2","62.4740910364077","27","middle30","6","0.838514063423274","17","middle30","9","0.543917514635717","34","middle30","5","407841","31","middle30","0.50103070746581097882","33","middle30","0.59341460873189538397","21","middle30","38388","38","middle30","0.04715947341782104265","47","bottom10","464875","24","middle30","0.57109670222750748154","32","middle30","40085","37","middle30","0.04924422975808472686","47","bottom10","241411","27","middle30","0.29657225271620286878","23","middle30","3755","32","middle30","0.00461299944472017337","30","middle30"
"36","463931","42","bottom10","1","18154087.3100001","41","bottom10","3","31334580","41","bottom10","2","25196470.13","42","bottom10","1","67.5414662956345","17","middle30","10","0.720501213715053","21","middle30","7","0.581225977656078","30","middle30","7","234372","43","bottom10","0.50518719378528272523","31","middle30","0.55872454703062854812","48","bottom10","29417","44","bottom10","0.06340813612369080747","39","middle30","274703","40","middle30","0.59212037997029730714","28","middle30","29399","44","bottom10","0.06336933725058252197","41","bottom10","128442","41","bottom10","0.27685582554302256154","28","middle30","2094","43","bottom10","0.00451360223826387976","31","middle30"
"31","807602","26","middle30","2","28657564.3299998","28","middle30","4","50172855","31","middle30","3","42131375.5199998","22","middle30","2","62.1257191042122","30","middle30","6","0.680195317059992","24","middle30","7","0.59516890080958","27","middle30","7","345059","35","middle30","0.42726367691016119326","43","bottom10","0.59278384208118177659","22","middle30","45897","33","middle30","0.05683121141354280945","46","bottom10","493075","22","middle30","0.61054207394236269846","23","middle30","44956","34","middle30","0.05566603351650936971","46","bottom10","231408","31","middle30","0.28653718044284189489","25","middle30","3602","35","middle30","0.00446011773125871407","32","middle30"
"22","875979","21","middle30","3","39562341.9599997","13","middle30","6","56127245","22","middle30","3","40949721.3099997","23","middle30","2","64.0737335027438","23","middle30","7","0.966119931818408","15","middle30","11","0.508615971903163","36","middle30","4","421928","30","middle30","0.48166451478859653028","37","middle30","0.62453317139820859268","5","top10","32935","40","middle30","0.03759793328378876663","50","bottom10","473188","23","middle30","0.54018189933776951274","35","middle30","38017","39","middle30","0.04339944222407158162","50","bottom10","238197","28","middle30","0.27192090221340922556","29","middle30","3745","34","middle30","0.00427521664332135816","33","middle30"
"13","313574","47","bottom10","1","11322838.24","47","bottom10","2","21911835","46","bottom10","1","18617564.19","46","bottom10","1","69.8777162647413","10","top10","11","0.60818043243712","30","middle30","6","0.621820773235344","21","middle30","8","138630","47","bottom10","0.44209660239688239459","40","middle30","0.59843387242749773738","13","middle30","25413","47","bottom10","0.08104307117299265883","27","middle30","195751","46","bottom10","0.62425775096149553216","21","middle30","23464","47","bottom10","0.0748276323929917659","33","middle30","77684","47","bottom10","0.24773737618552558567","33","middle30","1268","48","bottom10","0.00404370260289437262","34","middle30"
"35","1132939","12","middle30","3","37116142.4499997","18","middle30","6","65792125","14","middle30","3","54854009.81","15","middle30","3","58.0720806680677","42","bottom10","3","0.676634991289795","25","middle30","7","0.596432738905636","26","middle30","7","475127","24","middle30","0.4193756239303263459","44","bottom10","0.58209898843930635838","29","middle30","66432","19","middle30","0.05863687277073169871","44","bottom10","680225","13","middle30","0.60040743588136695797","27","middle30","66290","19","middle30","0.05851153504292817177","45","bottom10","336107","18","middle30","0.29666822309056356962","22","middle30","4462","27","middle30","0.00393842916520659983","35","middle30"
"2","2076974","3","top10","6","34255856.2699997","22","middle30","5","117031080","3","top10","6","109131689.250001","3","top10","7","56.3469162348686","46","bottom10","2","0.31389467628899","47","bottom10","2","0.761096013285049","4","top10","14","818518","4","top10","0.39409159671714715735","46","bottom10","0.57690082552680180681","32","middle30","179764","3","top10","0.08655091493682636374","15","middle30","1479128","4","top10","0.71215527974832617067","5","top10","176272","3","top10","0.08486962282628477776","14","middle30","388287","6","top10","0.18694841630179289678","47","bottom10","7167","21","middle30","0.00345069317189334099","36","middle30"
"30","719914","32","middle30","2","24648877.2499999","34","middle30","4","44984440","33","middle30","2","37699795.4099998","33","middle30","2","62.4858524768236","26","middle30","6","0.653819920822749","27","middle30","6","0.604660753815637","24","middle30","7","360266","33","middle30","0.50042921793436438241","34","middle30","0.597441383614157083","16","middle30","44868","35","middle30","0.06232411093547284815","41","bottom10","443290","26","middle30","0.61575410396241773323","22","middle30","43438","35","middle30","0.06033776256608428229","43","bottom10","193485","35","middle30","0.26876126870709556975","31","middle30","2482","39","middle30","0.00344763402295274158","37","middle30"
"1","1681635","8","top10","5","38422082.9099998","17","middle30","6","98467185","7","top10","5","90108419.3100004","6","top10","5","58.554433631555","39","middle30","4","0.426398367702091","44","bottom10","3","0.701066422005927","7","top10","11","584989","14","middle30","0.34786918683305235678","48","bottom10","0.5720593007566311978","35","middle30","117098","8","top10","0.06963342223490828866","37","middle30","1158544","6","top10","0.6889390384952739447","6","top10","107759","8","top10","0.06407989843218058616","40","middle30","383301","9","top10","0.22793352897626417148","41","bottom10","5791","26","middle30","0.00344367237836986028","38","middle30"
"33","1036429","17","middle30","3","31777242.3899997","26","middle30","5","59457040","18","middle30","3","49157095.1499997","19","middle30","3","57.367209910182","44","bottom10","3","0.646442640539142","28","middle30","6","0.60737008103273","23","middle30","8","516898","19","middle30","0.4987297730958898294","35","middle30","0.56977947615635697795","37","middle30","62805","21","middle30","0.06059749389490259342","42","bottom10","628212","19","middle30","0.60613124488025711361","25","middle30","62975","21","middle30","0.06076151863755259646","42","bottom10","281760","24","middle30","0.27185653817096974322","30","middle30","3429","36","middle30","0.0033084755443932966","39","middle30"
"23","579218","37","middle30","2","17914156.2900001","42","bottom10","3","37898800","39","middle30","2","30985868.4599998","38","middle30","2","65.4309776284577","21","middle30","8","0.578139557815713","31","middle30","5","0.633657521001558","20","middle30","9","364049","32","middle30","0.62851810544561805745","11","middle30","0.66080922040501603019","1","top10","49282","30","middle30","0.08508368179165702723","18","middle30","362433","34","middle30","0.62572813690182280247","20","middle30","48496","32","middle30","0.08372667976478631534","16","middle30","114503","44","bottom10","0.19768550010531440667","45","bottom10","1913","44","bottom10","0.00330272885165861558","40","middle30"
"45","504658","40","middle30","1","13275891.2000001","44","bottom10","2","29902350","42","bottom10","1","25947345.0199998","40","middle30","1","59.252701829754","35","middle30","4","0.511647383952665","36","middle30","4","0.661529937878233","15","middle30","10","253841","42","bottom10","0.50299608844009210198","32","middle30","0.57115357855188088501","36","middle30","43118","37","middle30","0.08544004058193865945","17","middle30","323878","38","middle30","0.64177720357152764843","15","middle30","40304","36","middle30","0.07986398709621169188","23","middle30","123768","42","bottom10","0.24525123945325349048","34","middle30","1658","46","bottom10","0.00328539327623856156","41","bottom10"
"38","336950","46","bottom10","1","9431794.52000005","48","bottom10","1","20935725","47","bottom10","1","18066767.61","47","bottom10","1","62.1330316070634","29","middle30","6","0.522052130386595","35","middle30","4","0.65700772006147","16","middle30","10","192935","46","bottom10","0.57259237275560172132","21","middle30","0.58347794649313087491","28","middle30","27660","45","bottom10","0.08208933076124054014","26","middle30","215238","43","bottom10","0.63878320225552752634","17","middle30","26730","46","bottom10","0.07932927734085175842","26","middle30","77601","48","bottom10","0.23030419943611811842","39","middle30","1090","49","bottom10","0.00323490132067072266","42","bottom10"
"40","1009920","20","middle30","3","23965919.4299998","35","middle30","4","58530910","19","middle30","3","51168207.6299999","17","middle30","3","57.955986612801","43","bottom10","3","0.468375198977042","41","bottom10","4","0.681024850253981","10","top10","11","610205","12","middle30","0.60421122465145754119","16","middle30","0.58081261636184426678","30","middle30","91310","13","middle30","0.0904131020278833967","7","top10","668314","14","middle30","0.66174944550063371356","11","middle30","82983","16","middle30","0.08216789448669201521","21","middle30","237868","29","middle30","0.23553152724968314322","37","middle30","3055","38","middle30","0.00302499207858048162","43","bottom10"
"14","650744","35","middle30","2","27228959.8299998","31","middle30","4","43974630","35","middle30","2","33691456.7799999","36","middle30","2","67.575928475714","16","middle30","10","0.808185885454607","19","middle30","8","0.553040485518768","32","middle30","5","307629","39","middle30","0.47273428567916108331","38","middle30","0.59768461203867902432","14","middle30","29887","43","bottom10","0.04592743075618061788","48","bottom10","369175","32","middle30","0.56731218420761466875","33","middle30","31310","42","bottom10","0.0481141585631215962","49","bottom10","162745","39","middle30","0.25009066545369607711","32","middle30","1824","45","bottom10","0.00280294555155329899","44","bottom10"
"39","489099","41","bottom10","1","12726925.2500001","45","bottom10","2","29612600","43","bottom10","1","25679067.7799999","41","bottom10","1","60.545206594166","32","middle30","5","0.495614769158888","38","middle30","4","0.668621372709756","13","middle30","10","264329","41","bottom10","0.54044068787709645695","25","middle30","0.56731902308278841933","38","middle30","43279","36","middle30","0.08848719788836206985","10","top10","317180","39","middle30","0.64849856573004647321","13","middle30","38675","38","middle30","0.07907397070940648008","27","middle30","113114","45","bottom10","0.23127015185064782386","38","middle30","1369","47","bottom10","0.00279902432840795013","45","bottom10"
"41","190154","50","bottom10","1","4836566.24999999","50","bottom10","1","12331580","50","bottom10","1","10805857.09","50","bottom10","1","64.8504896031638","22","middle30","8","0.447587471286831","42","bottom10","3","0.69080454192592","9","top10","11","120404","50","bottom10","0.63319204434300619498","10","top10","0.55876447876447876448","47","bottom10","19425","50","bottom10","0.10215404356468967258","3","top10","126758","50","bottom10","0.66660706585188846935","9","top10","17257","50","bottom10","0.09075275829064863216","6","top10","40092","50","bottom10","0.21083963524301355743","43","bottom10","531","50","bottom10","0.002792473468872598","46","bottom10"
"32","1068694","14","middle30","3","19598432.65","39","middle30","3","63189680","16","middle30","3","59148208.1799999","12","middle30","3","59.1279449496301","36","middle30","4","0.331344486216016","46","bottom10","2","0.751120397728335","5","top10","13","441090","28","middle30","0.41273741594881228864","45","bottom10","0.56545224427066853501","40","middle30","88492","14","middle30","0.08280387089288421194","23","middle30","762741","11","middle30","0.71371318637514573863","4","top10","85258","15","middle30","0.07977774741881212021","24","middle30","209019","34","middle30","0.19558358145549614763","46","bottom10","2355","41","bottom10","0.00220362423668515029","47","bottom10"
"47","1221504","10","top10","4","19627561.35","38","middle30","3","67869860","11","middle30","4","63965646.9099999","10","top10","4","55.5625360211673","47","bottom10","2","0.306845350561625","48","bottom10","1","0.765201482769361","3","top10","14","467466","25","middle30","0.38269706853190820497","47","bottom10","0.58058328031072829318","31","middle30","105301","10","top10","0.08620602142931992036","16","middle30","889342","9","top10","0.72807129571413601593","3","top10","94985","11","middle30","0.0777606950120507178","29","middle30","228256","32","middle30","0.18686471759404799329","48","bottom10","2232","42","bottom10","0.00182725558000628733","48","bottom10"
"44","2430393","2","top10","8","33033504.3899998","25","middle30","5","132322695","2","top10","7","124229639.130001","2","top10","8","54.4449786516008","49","bottom10","1","0.265906788600035","49","bottom10","1","0.789947576713684","2","top10","15","605543","13","middle30","0.24915435487182525624","50","bottom10","0.57207688453138443211","34","middle30","211538","2","top10","0.08703859828431039754","14","middle30","1797013","2","top10","0.73939194196164982371","2","top10","211418","2","top10","0.08698922355355697618","10","top10","392906","5","top10","0.16166356634503144142","49","bottom10","4406","29","middle30","0.00181287553082978761","49","bottom10"
"43","2036700","4","top10","6","25676080.2099998","32","middle30","4","112285000","5","top10","6","106714109.980001","4","top10","6","55.1308489222762","48","bottom10","2","0.240606234871956","50","bottom10","1","0.806057532109059","1","top10","16","635345","10","top10","0.31194824961948249619","49","bottom10","0.5558431328419512744","49","bottom10","177730","4","top10","0.08726371090489517357","12","middle30","1526750","3","top10","0.74961948249619482496","1","top10","165434","5","top10","0.08122649383807138999","22","middle30","311464","21","middle30","0.15292581136151617813","50","bottom10","3366","37","middle30","0.00165267344233318604","50","bottom10"
